Accession,Source Name,Sample Name,Characteristics: Seed Source,Factor Value: Spaceflight,Factor Value: Ecotype,Characteristics: genotype,Characteristics: Material Type,Parameter Value: Hardware,Parameter Value: growth environment,Parameter Value: Growth Medium,Parameter Value: light source,Parameter Value: Sample storage temperature,Parameter Value: Age at sample collection,Parameter Value: Sample Preservation Method,Comment: Original Submitted Sample Name,
GLDS-37,Atha_Ws-2_sl-pool_FLT_Rep1_R1-FL-C1,Atha_Ws-2_sl-pool_FLT_Rep1_R1-FL-C1,"Lehle Seeds (Round Rock, TX, USA)",Space Flight,Ws-2,Wild Type,Seedlings,BRIC-PDFU,ISS-US Laboratory,"sterile 1/2 strength Epstein's medium supplemented with 1% (w/v) Phytagel and 10 mM sucrose, pH 5.7",Dark Treatment,-80 degree Celsius,8 day,RNALater,Rep1-FL-C1,
GLDS-37,Atha_Ler-0_sl-pool_FLT_Rep1_R1-FL-C2,Atha_Ler-0_sl-pool_FLT_Rep1_R1-FL-C2,"Lehle Seeds (Round Rock, TX, USA)",Space Flight,Ler-0,Wild Type,Seedlings,BRIC-PDFU,ISS-US Laboratory,"sterile 1/2 strength Epstein's medium supplemented with 1% (w/v) Phytagel and 10 mM sucrose, pH 5.7",Dark Treatment,-80 degree Celsius,8 day,RNALater,Rep1-FL-C2,
GLDS-37,Atha_Cvi-0_sl-pool_FLT_Rep1_R1-FL-C3,Atha_Cvi-0_sl-pool_FLT_Rep1_R1-FL-C3,"Lehle Seeds (Round Rock, TX, USA)",Space Flight,Cvi-0,Wild Type,Seedlings,BRIC-PDFU,ISS-US Laboratory,"sterile 1/2 strength Epstein's medium supplemented with 1% (w/v) Phytagel and 10 mM sucrose, pH 5.7",Dark Treatment,-80 degree Celsius,8 day,RNALater,Rep1-FL-C3,
GLDS-37,Atha_Ws-2_sl-pool_FLT_Rep2_R1-FL-C4,Atha_Ws-2_sl-pool_FLT_Rep2_R1-FL-C4,"Lehle Seeds (Round Rock, TX, USA)",Space Flight,Ws-2,Wild Type,Seedlings,BRIC-PDFU,ISS-US Laboratory,"sterile 1/2 strength Epstein's medium supplemented with 1% (w/v) Phytagel and 10 mM sucrose, pH 5.7",Dark Treatment,-80 degree Celsius,8 day,RNALater,Rep1-FL-C4,
GLDS-37,Atha_Ler-0_sl-pool_FLT_Rep2_R1-FL-C5,Atha_Ler-0_sl-pool_FLT_Rep2_R1-FL-C5,"Lehle Seeds (Round Rock, TX, USA)",Space Flight,Ler-0,Wild Type,Seedlings,BRIC-PDFU,ISS-US Laboratory,"sterile 1/2 strength Epstein's medium supplemented with 1% (w/v) Phytagel and 10 mM sucrose, pH 5.7",Dark Treatment,-80 degree Celsius,8 day,RNALater,Rep1-FL-C5,
GLDS-37,Atha_Ws-2_sl-pool_FLT_Rep3_R1-FL-D1,Atha_Ws-2_sl-pool_FLT_Rep3_R1-FL-D1,"Lehle Seeds (Round Rock, TX, USA)",Space Flight,Ws-2,Wild Type,Seedlings,BRIC-PDFU,ISS-US Laboratory,"sterile 1/2 strength Epstein's medium supplemented with 1% (w/v) Phytagel and 10 mM sucrose, pH 5.7",Dark Treatment,-80 degree Celsius,8 day,RNALater,Rep1-FL-D1,
GLDS-37,Atha_Cvi-0_sl-pool_FLT_Rep2_R1-FL-D2,Atha_Cvi-0_sl-pool_FLT_Rep2_R1-FL-D2,"Lehle Seeds (Round Rock, TX, USA)",Space Flight,Cvi-0,Wild Type,Seedlings,BRIC-PDFU,ISS-US Laboratory,"sterile 1/2 strength Epstein's medium supplemented with 1% (w/v) Phytagel and 10 mM sucrose, pH 5.7",Dark Treatment,-80 degree Celsius,8 day,RNALater,Rep1-FL-D2,
GLDS-37,Atha_Ler-0_sl-pool_FLT_Rep3_R1-FL-D3,Atha_Ler-0_sl-pool_FLT_Rep3_R1-FL-D3,"Lehle Seeds (Round Rock, TX, USA)",Space Flight,Ler-0,Wild Type,Seedlings,BRIC-PDFU,ISS-US Laboratory,"sterile 1/2 strength Epstein's medium supplemented with 1% (w/v) Phytagel and 10 mM sucrose, pH 5.7",Dark Treatment,-80 degree Celsius,8 day,RNALater,Rep1-FL-D3,
GLDS-37,Atha_Ws-2_sl-pool_FLT_Rep4_R1-FL-D4,Atha_Ws-2_sl-pool_FLT_Rep4_R1-FL-D4,"Lehle Seeds (Round Rock, TX, USA)",Space Flight,Ws-2,Wild Type,Seedlings,BRIC-PDFU,ISS-US Laboratory,"sterile 1/2 strength Epstein's medium supplemented with 1% (w/v) Phytagel and 10 mM sucrose, pH 5.7",Dark Treatment,-80 degree Celsius,8 day,RNALater,Rep1-FL-D4,
GLDS-37,Atha_Cvi-0_sl-pool_FLT_Rep3_R1-FL-D5,Atha_Cvi-0_sl-pool_FLT_Rep3_R1-FL-D5,"Lehle Seeds (Round Rock, TX, USA)",Space Flight,Cvi-0,Wild Type,Seedlings,BRIC-PDFU,ISS-US Laboratory,"sterile 1/2 strength Epstein's medium supplemented with 1% (w/v) Phytagel and 10 mM sucrose, pH 5.7",Dark Treatment,-80 degree Celsius,8 day,RNALater,Rep1-FL-D5,
GLDS-37,Atha_Ws-2_sl-pool_GC_Rep1_R1-GC-C1,Atha_Ws-2_sl-pool_GC_Rep1_R1-GC-C1,"Lehle Seeds (Round Rock, TX, USA)",Ground Control,Ws-2,Wild Type,Seedlings,BRIC-PDFU,ISS Environmental Simulator,"sterile 1/2 strength Epstein's medium supplemented with 1% (w/v) Phytagel and 10 mM sucrose, pH 5.7",Dark Treatment,-80 degree Celsius,8 day,RNALater,Rep1-GC-C1,
GLDS-37,Atha_Ler-0_sl-pool_GC_Rep1_R1-GC-C2,Atha_Ler-0_sl-pool_GC_Rep1_R1-GC-C2,"Lehle Seeds (Round Rock, TX, USA)",Ground Control,Ler-0,Wild Type,Seedlings,BRIC-PDFU,ISS Environmental Simulator,"sterile 1/2 strength Epstein's medium supplemented with 1% (w/v) Phytagel and 10 mM sucrose, pH 5.7",Dark Treatment,-80 degree Celsius,8 day,RNALater,Rep1-GC-C2,
GLDS-37,Atha_Cvi-0_sl-pool_GC_Rep1_R1-GC-C3,Atha_Cvi-0_sl-pool_GC_Rep1_R1-GC-C3,"Lehle Seeds (Round Rock, TX, USA)",Ground Control,Cvi-0,Wild Type,Seedlings,BRIC-PDFU,ISS Environmental Simulator,"sterile 1/2 strength Epstein's medium supplemented with 1% (w/v) Phytagel and 10 mM sucrose, pH 5.7",Dark Treatment,-80 degree Celsius,8 day,RNALater,Rep1-GC-C3,
GLDS-37,Atha_Ws-2_sl-pool_GC_Rep2_R1-GC-C4,Atha_Ws-2_sl-pool_GC_Rep2_R1-GC-C4,"Lehle Seeds (Round Rock, TX, USA)",Ground Control,Ws-2,Wild Type,Seedlings,BRIC-PDFU,ISS Environmental Simulator,"sterile 1/2 strength Epstein's medium supplemented with 1% (w/v) Phytagel and 10 mM sucrose, pH 5.7",Dark Treatment,-80 degree Celsius,8 day,RNALater,Rep1-GC-C4,
GLDS-37,Atha_Ler-0_sl-pool_GC_Rep2_R1-GC-C5,Atha_Ler-0_sl-pool_GC_Rep2_R1-GC-C5,"Lehle Seeds (Round Rock, TX, USA)",Ground Control,Ler-0,Wild Type,Seedlings,BRIC-PDFU,ISS Environmental Simulator,"sterile 1/2 strength Epstein's medium supplemented with 1% (w/v) Phytagel and 10 mM sucrose, pH 5.7",Dark Treatment,-80 degree Celsius,8 day,RNALater,Rep1-GC-C5,
GLDS-37,Atha_Ws-2_sl-pool_GC_Rep3_R1-GC-D1,Atha_Ws-2_sl-pool_GC_Rep3_R1-GC-D1,"Lehle Seeds (Round Rock, TX, USA)",Ground Control,Ws-2,Wild Type,Seedlings,BRIC-PDFU,ISS Environmental Simulator,"sterile 1/2 strength Epstein's medium supplemented with 1% (w/v) Phytagel and 10 mM sucrose, pH 5.7",Dark Treatment,-80 degree Celsius,8 day,RNALater,Rep1-GC-D1,
GLDS-37,Atha_Cvi-0_sl-pool_GC_Rep2_R1-GC-D2,Atha_Cvi-0_sl-pool_GC_Rep2_R1-GC-D2,"Lehle Seeds (Round Rock, TX, USA)",Ground Control,Cvi-0,Wild Type,Seedlings,BRIC-PDFU,ISS Environmental Simulator,"sterile 1/2 strength Epstein's medium supplemented with 1% (w/v) Phytagel and 10 mM sucrose, pH 5.7",Dark Treatment,-80 degree Celsius,8 day,RNALater,Rep1-GC-D2,
GLDS-37,Atha_Ler-0_sl-pool_GC_Rep3_R1-GC-D3,Atha_Ler-0_sl-pool_GC_Rep3_R1-GC-D3,"Lehle Seeds (Round Rock, TX, USA)",Ground Control,Ler-0,Wild Type,Seedlings,BRIC-PDFU,ISS Environmental Simulator,"sterile 1/2 strength Epstein's medium supplemented with 1% (w/v) Phytagel and 10 mM sucrose, pH 5.7",Dark Treatment,-80 degree Celsius,8 day,RNALater,Rep1-GC-D3,
GLDS-37,Atha_Ws-2_sl-pool_GC_Rep4_R1-GC-D4,Atha_Ws-2_sl-pool_GC_Rep4_R1-GC-D4,"Lehle Seeds (Round Rock, TX, USA)",Ground Control,Ws-2,Wild Type,Seedlings,BRIC-PDFU,ISS Environmental Simulator,"sterile 1/2 strength Epstein's medium supplemented with 1% (w/v) Phytagel and 10 mM sucrose, pH 5.7",Dark Treatment,-80 degree Celsius,8 day,RNALater,Rep1-GC-D4,
GLDS-37,Atha_Cvi-0_sl-pool_GC_Rep3_R1-GC-D5,Atha_Cvi-0_sl-pool_GC_Rep3_R1-GC-D5,"Lehle Seeds (Round Rock, TX, USA)",Ground Control,Cvi-0,Wild Type,Seedlings,BRIC-PDFU,ISS Environmental Simulator,"sterile 1/2 strength Epstein's medium supplemented with 1% (w/v) Phytagel and 10 mM sucrose, pH 5.7",Dark Treatment,-80 degree Celsius,8 day,RNALater,Rep1-GC-D5,
GLDS-37,Atha_Ws-2_sl-pool_FLT_Rep5_R2-FL-C1,Atha_Ws-2_sl-pool_FLT_Rep5_R2-FL-C1,"Lehle Seeds (Round Rock, TX, USA)",Space Flight,Ws-2,Wild Type,Seedlings,BRIC-PDFU,ISS-US Laboratory,"sterile 1/2 strength Epstein's medium supplemented with 1% (w/v) Phytagel and 10 mM sucrose, pH 5.7",Dark Treatment,-80 degree Celsius,8 day,RNALater,Rep2-FL-C1,
GLDS-37,Atha_Ler-0_sl-pool_FLT_Rep4_R2-FL-C2,Atha_Ler-0_sl-pool_FLT_Rep4_R2-FL-C2,"Lehle Seeds (Round Rock, TX, USA)",Space Flight,Ler-0,Wild Type,Seedlings,BRIC-PDFU,ISS-US Laboratory,"sterile 1/2 strength Epstein's medium supplemented with 1% (w/v) Phytagel and 10 mM sucrose, pH 5.7",Dark Treatment,-80 degree Celsius,8 day,RNALater,Rep2-FL-C2,
GLDS-37,Atha_Cvi-0_sl-pool_FLT_Rep4_R2-FL-C3,Atha_Cvi-0_sl-pool_FLT_Rep4_R2-FL-C3,"Lehle Seeds (Round Rock, TX, USA)",Space Flight,Cvi-0,Wild Type,Seedlings,BRIC-PDFU,ISS-US Laboratory,"sterile 1/2 strength Epstein's medium supplemented with 1% (w/v) Phytagel and 10 mM sucrose, pH 5.7",Dark Treatment,-80 degree Celsius,8 day,RNALater,Rep2-FL-C3,
GLDS-37,Atha_Ws-2_sl-pool_FLT_Rep6_R2-FL-C4,Atha_Ws-2_sl-pool_FLT_Rep6_R2-FL-C4,"Lehle Seeds (Round Rock, TX, USA)",Space Flight,Ws-2,Wild Type,Seedlings,BRIC-PDFU,ISS-US Laboratory,"sterile 1/2 strength Epstein's medium supplemented with 1% (w/v) Phytagel and 10 mM sucrose, pH 5.7",Dark Treatment,-80 degree Celsius,8 day,RNALater,Rep2-FL-C4,
GLDS-37,Atha_Ler-0_sl-pool_FLT_Rep5_R2-FL-C5,Atha_Ler-0_sl-pool_FLT_Rep5_R2-FL-C5,"Lehle Seeds (Round Rock, TX, USA)",Space Flight,Ler-0,Wild Type,Seedlings,BRIC-PDFU,ISS-US Laboratory,"sterile 1/2 strength Epstein's medium supplemented with 1% (w/v) Phytagel and 10 mM sucrose, pH 5.7",Dark Treatment,-80 degree Celsius,8 day,RNALater,Rep2-FL-C5,
GLDS-37,Atha_Ws-2_sl-pool_FLT_Rep7_R2-FL-D1,Atha_Ws-2_sl-pool_FLT_Rep7_R2-FL-D1,"Lehle Seeds (Round Rock, TX, USA)",Space Flight,Ws-2,Wild Type,Seedlings,BRIC-PDFU,ISS-US Laboratory,"sterile 1/2 strength Epstein's medium supplemented with 1% (w/v) Phytagel and 10 mM sucrose, pH 5.7",Dark Treatment,-80 degree Celsius,8 day,RNALater,Rep2-FL-D1,
GLDS-37,Atha_Cvi-0_sl-pool_FLT_Rep5_R2-FL-D2,Atha_Cvi-0_sl-pool_FLT_Rep5_R2-FL-D2,"Lehle Seeds (Round Rock, TX, USA)",Space Flight,Cvi-0,Wild Type,Seedlings,BRIC-PDFU,ISS-US Laboratory,"sterile 1/2 strength Epstein's medium supplemented with 1% (w/v) Phytagel and 10 mM sucrose, pH 5.7",Dark Treatment,-80 degree Celsius,8 day,RNALater,Rep2-FL-D2,
GLDS-37,Atha_Ler-0_sl-pool_FLT_Rep6_R2-FL-D3,Atha_Ler-0_sl-pool_FLT_Rep6_R2-FL-D3,"Lehle Seeds (Round Rock, TX, USA)",Space Flight,Ler-0,Wild Type,Seedlings,BRIC-PDFU,ISS-US Laboratory,"sterile 1/2 strength Epstein's medium supplemented with 1% (w/v) Phytagel and 10 mM sucrose, pH 5.7",Dark Treatment,-80 degree Celsius,8 day,RNALater,Rep2-FL-D3,
GLDS-37,Atha_Ws-2_sl-pool_FLT_Rep8_R2-FL-D4,Atha_Ws-2_sl-pool_FLT_Rep8_R2-FL-D4,"Lehle Seeds (Round Rock, TX, USA)",Space Flight,Ws-2,Wild Type,Seedlings,BRIC-PDFU,ISS-US Laboratory,"sterile 1/2 strength Epstein's medium supplemented with 1% (w/v) Phytagel and 10 mM sucrose, pH 5.7",Dark Treatment,-80 degree Celsius,8 day,RNALater,Rep2-FL-D4,
GLDS-37,Atha_Cvi-0_sl-pool_FLT_Rep6_R2-FL-D5,Atha_Cvi-0_sl-pool_FLT_Rep6_R2-FL-D5,"Lehle Seeds (Round Rock, TX, USA)",Space Flight,Cvi-0,Wild Type,Seedlings,BRIC-PDFU,ISS-US Laboratory,"sterile 1/2 strength Epstein's medium supplemented with 1% (w/v) Phytagel and 10 mM sucrose, pH 5.7",Dark Treatment,-80 degree Celsius,8 day,RNALater,Rep2-FL-D5,
GLDS-37,Atha_Ws-2_sl-pool_GC_Rep5_R2-GC-C1,Atha_Ws-2_sl-pool_GC_Rep5_R2-GC-C1,"Lehle Seeds (Round Rock, TX, USA)",Ground Control,Ws-2,Wild Type,Seedlings,BRIC-PDFU,ISS Environmental Simulator,"sterile 1/2 strength Epstein's medium supplemented with 1% (w/v) Phytagel and 10 mM sucrose, pH 5.7",Dark Treatment,-80 degree Celsius,8 day,RNALater,Rep2-GC-C1,
GLDS-37,Atha_Ler-0_sl-pool_GC_Rep4_R2-GC-C2,Atha_Ler-0_sl-pool_GC_Rep4_R2-GC-C2,"Lehle Seeds (Round Rock, TX, USA)",Ground Control,Ler-0,Wild Type,Seedlings,BRIC-PDFU,ISS Environmental Simulator,"sterile 1/2 strength Epstein's medium supplemented with 1% (w/v) Phytagel and 10 mM sucrose, pH 5.7",Dark Treatment,-80 degree Celsius,8 day,RNALater,Rep2-GC-C2,
GLDS-37,Atha_Cvi-0_sl-pool_GC_Rep4_R2-GC-C3,Atha_Cvi-0_sl-pool_GC_Rep4_R2-GC-C3,"Lehle Seeds (Round Rock, TX, USA)",Ground Control,Cvi-0,Wild Type,Seedlings,BRIC-PDFU,ISS Environmental Simulator,"sterile 1/2 strength Epstein's medium supplemented with 1% (w/v) Phytagel and 10 mM sucrose, pH 5.7",Dark Treatment,-80 degree Celsius,8 day,RNALater,Rep2-GC-C3,
GLDS-37,Atha_Ws-2_sl-pool_GC_Rep6_R2-GC-C4,Atha_Ws-2_sl-pool_GC_Rep6_R2-GC-C4,"Lehle Seeds (Round Rock, TX, USA)",Ground Control,Ws-2,Wild Type,Seedlings,BRIC-PDFU,ISS Environmental Simulator,"sterile 1/2 strength Epstein's medium supplemented with 1% (w/v) Phytagel and 10 mM sucrose, pH 5.7",Dark Treatment,-80 degree Celsius,8 day,RNALater,Rep2-GC-C4,
GLDS-37,Atha_Ler-0_sl-pool_GC_Rep5_R2-GC-C5,Atha_Ler-0_sl-pool_GC_Rep5_R2-GC-C5,"Lehle Seeds (Round Rock, TX, USA)",Ground Control,Ler-0,Wild Type,Seedlings,BRIC-PDFU,ISS Environmental Simulator,"sterile 1/2 strength Epstein's medium supplemented with 1% (w/v) Phytagel and 10 mM sucrose, pH 5.7",Dark Treatment,-80 degree Celsius,8 day,RNALater,Rep2-GC-C5,
GLDS-37,Atha_Ws-2_sl-pool_GC_Rep7_R2-GC-D1,Atha_Ws-2_sl-pool_GC_Rep7_R2-GC-D1,"Lehle Seeds (Round Rock, TX, USA)",Ground Control,Ws-2,Wild Type,Seedlings,BRIC-PDFU,ISS Environmental Simulator,"sterile 1/2 strength Epstein's medium supplemented with 1% (w/v) Phytagel and 10 mM sucrose, pH 5.7",Dark Treatment,-80 degree Celsius,8 day,RNALater,Rep2-GC-D1,
GLDS-37,Atha_Cvi-0_sl-pool_GC_Rep5_R2-GC-D2,Atha_Cvi-0_sl-pool_GC_Rep5_R2-GC-D2,"Lehle Seeds (Round Rock, TX, USA)",Ground Control,Cvi-0,Wild Type,Seedlings,BRIC-PDFU,ISS Environmental Simulator,"sterile 1/2 strength Epstein's medium supplemented with 1% (w/v) Phytagel and 10 mM sucrose, pH 5.7",Dark Treatment,-80 degree Celsius,8 day,RNALater,Rep2-GC-D2,
GLDS-37,Atha_Ler-0_sl-pool_GC_Rep6_R2-GC-D3,Atha_Ler-0_sl-pool_GC_Rep6_R2-GC-D3,"Lehle Seeds (Round Rock, TX, USA)",Ground Control,Ler-0,Wild Type,Seedlings,BRIC-PDFU,ISS Environmental Simulator,"sterile 1/2 strength Epstein's medium supplemented with 1% (w/v) Phytagel and 10 mM sucrose, pH 5.7",Dark Treatment,-80 degree Celsius,8 day,RNALater,Rep2-GC-D3,
GLDS-37,Atha_Ws-2_sl-pool_GC_Rep8_R2-GC-D4,Atha_Ws-2_sl-pool_GC_Rep8_R2-GC-D4,"Lehle Seeds (Round Rock, TX, USA)",Ground Control,Ws-2,Wild Type,Seedlings,BRIC-PDFU,ISS Environmental Simulator,"sterile 1/2 strength Epstein's medium supplemented with 1% (w/v) Phytagel and 10 mM sucrose, pH 5.7",Dark Treatment,-80 degree Celsius,8 day,RNALater,Rep2-GC-D4,
GLDS-37,Atha_Cvi-0_sl-pool_GC_Rep6_R2-GC-D5,Atha_Cvi-0_sl-pool_GC_Rep6_R2-GC-D5,"Lehle Seeds (Round Rock, TX, USA)",Ground Control,Cvi-0,Wild Type,Seedlings,BRIC-PDFU,ISS Environmental Simulator,"sterile 1/2 strength Epstein's medium supplemented with 1% (w/v) Phytagel and 10 mM sucrose, pH 5.7",Dark Treatment,-80 degree Celsius,8 day,RNALater,Rep2-GC-D5,
GLDS-37,Atha_Col-0_sl-pool_FLT_Rep1_R1-FL-A1,Atha_Col-0_sl-pool_FLT_Rep1_R1-FL-A1,"Lehle Seeds (Round Rock, TX, USA)",Space Flight,Col-0,Wild Type,Seedlings,BRIC-PDFU,ISS-US Laboratory,"sterile 1/2 strength Epstein's medium supplemented with 1% (w/v) Phytagel and 10 mM sucrose, pH 5.7",Dark Treatment,-80 degree Celsius,8 day,RNALater,Rep1-FL-A1,
GLDS-37,Atha_Col-0_sl-pool_FLT_Rep2_R1-FL-A4,Atha_Col-0_sl-pool_FLT_Rep2_R1-FL-A4,"Lehle Seeds (Round Rock, TX, USA)",Space Flight,Col-0,Wild Type,Seedlings,BRIC-PDFU,ISS-US Laboratory,"sterile 1/2 strength Epstein's medium supplemented with 1% (w/v) Phytagel and 10 mM sucrose, pH 5.7",Dark Treatment,-80 degree Celsius,8 day,RNALater,Rep1-FL-A4,
GLDS-37,Atha_Col-0_sl-pool_FLT_Rep3_R1-FL-B1,Atha_Col-0_sl-pool_FLT_Rep3_R1-FL-B1,"Lehle Seeds (Round Rock, TX, USA)",Space Flight,Col-0,Wild Type,Seedlings,BRIC-PDFU,ISS-US Laboratory,"sterile 1/2 strength Epstein's medium supplemented with 1% (w/v) Phytagel and 10 mM sucrose, pH 5.7",Dark Treatment,-80 degree Celsius,8 day,RNALater,Rep1-FL-B1,
GLDS-37,Atha_Col-0_sl-pool_FLT_Rep4_R1-FL-B4,Atha_Col-0_sl-pool_FLT_Rep4_R1-FL-B4,"Lehle Seeds (Round Rock, TX, USA)",Space Flight,Col-0,Wild Type,Seedlings,BRIC-PDFU,ISS-US Laboratory,"sterile 1/2 strength Epstein's medium supplemented with 1% (w/v) Phytagel and 10 mM sucrose, pH 5.7",Dark Treatment,-80 degree Celsius,8 day,RNALater,Rep1-FL-B4,
GLDS-37,Atha_Col-0_sl-pool_GC_Rep1_R1-GC-A1,Atha_Col-0_sl-pool_GC_Rep1_R1-GC-A1,"Lehle Seeds (Round Rock, TX, USA)",Ground Control,Col-0,Wild Type,Seedlings,BRIC-PDFU,ISS Environmental Simulator,"sterile 1/2 strength Epstein's medium supplemented with 1% (w/v) Phytagel and 10 mM sucrose, pH 5.7",Dark Treatment,-80 degree Celsius,8 day,RNALater,Rep1-GC-A1,
GLDS-37,Atha_Col-0_sl-pool_GC_Rep2_R1-GC-A4,Atha_Col-0_sl-pool_GC_Rep2_R1-GC-A4,"Lehle Seeds (Round Rock, TX, USA)",Ground Control,Col-0,Wild Type,Seedlings,BRIC-PDFU,ISS Environmental Simulator,"sterile 1/2 strength Epstein's medium supplemented with 1% (w/v) Phytagel and 10 mM sucrose, pH 5.7",Dark Treatment,-80 degree Celsius,8 day,RNALater,Rep1-GC-A4,
GLDS-37,Atha_Col-0_sl-pool_GC_Rep3_R1-GC-B1,Atha_Col-0_sl-pool_GC_Rep3_R1-GC-B1,"Lehle Seeds (Round Rock, TX, USA)",Ground Control,Col-0,Wild Type,Seedlings,BRIC-PDFU,ISS Environmental Simulator,"sterile 1/2 strength Epstein's medium supplemented with 1% (w/v) Phytagel and 10 mM sucrose, pH 5.7",Dark Treatment,-80 degree Celsius,8 day,RNALater,Rep1-GC-B1,
GLDS-37,Atha_Col-0_sl-pool_GC_Rep4_R1-GC-B4,Atha_Col-0_sl-pool_GC_Rep4_R1-GC-B4,"Lehle Seeds (Round Rock, TX, USA)",Ground Control,Col-0,Wild Type,Seedlings,BRIC-PDFU,ISS Environmental Simulator,"sterile 1/2 strength Epstein's medium supplemented with 1% (w/v) Phytagel and 10 mM sucrose, pH 5.7",Dark Treatment,-80 degree Celsius,8 day,RNALater,Rep1-GC-B4,
GLDS-37,Atha_Col-0_sl-pool_FLT_Rep5_R2-FL-A1,Atha_Col-0_sl-pool_FLT_Rep5_R2-FL-A1,"Lehle Seeds (Round Rock, TX, USA)",Space Flight,Col-0,Wild Type,Seedlings,BRIC-PDFU,ISS-US Laboratory,"sterile 1/2 strength Epstein's medium supplemented with 1% (w/v) Phytagel and 10 mM sucrose, pH 5.7",Dark Treatment,-80 degree Celsius,8 day,RNALater,Rep2-FL-A1,
GLDS-37,Atha_Col-0_sl-pool_FLT_Rep6_R2-FL-A4,Atha_Col-0_sl-pool_FLT_Rep6_R2-FL-A4,"Lehle Seeds (Round Rock, TX, USA)",Space Flight,Col-0,Wild Type,Seedlings,BRIC-PDFU,ISS-US Laboratory,"sterile 1/2 strength Epstein's medium supplemented with 1% (w/v) Phytagel and 10 mM sucrose, pH 5.7",Dark Treatment,-80 degree Celsius,8 day,RNALater,Rep2-FL-A4,
GLDS-37,Atha_Col-0_sl-pool_FLT_Rep7_R2-FL-B1,Atha_Col-0_sl-pool_FLT_Rep7_R2-FL-B1,"Lehle Seeds (Round Rock, TX, USA)",Space Flight,Col-0,Wild Type,Seedlings,BRIC-PDFU,ISS-US Laboratory,"sterile 1/2 strength Epstein's medium supplemented with 1% (w/v) Phytagel and 10 mM sucrose, pH 5.7",Dark Treatment,-80 degree Celsius,8 day,RNALater,Rep2-FL-B1,
GLDS-37,Atha_Col-0_sl-pool_FLT_Rep8_R2-FL-B4,Atha_Col-0_sl-pool_FLT_Rep8_R2-FL-B4,"Lehle Seeds (Round Rock, TX, USA)",Space Flight,Col-0,Wild Type,Seedlings,BRIC-PDFU,ISS-US Laboratory,"sterile 1/2 strength Epstein's medium supplemented with 1% (w/v) Phytagel and 10 mM sucrose, pH 5.7",Dark Treatment,-80 degree Celsius,8 day,RNALater,Rep2-FL-B4,
GLDS-37,Atha_Col-0_sl-pool_GC_Rep5_R2-GC-A1,Atha_Col-0_sl-pool_GC_Rep5_R2-GC-A1,"Lehle Seeds (Round Rock, TX, USA)",Ground Control,Col-0,Wild Type,Seedlings,BRIC-PDFU,ISS Environmental Simulator,"sterile 1/2 strength Epstein's medium supplemented with 1% (w/v) Phytagel and 10 mM sucrose, pH 5.7",Dark Treatment,-80 degree Celsius,8 day,RNALater,Rep2-GC-A1,
GLDS-37,Atha_Col-0_sl-pool_GC_Rep6_R2-GC-A4,Atha_Col-0_sl-pool_GC_Rep6_R2-GC-A4,"Lehle Seeds (Round Rock, TX, USA)",Ground Control,Col-0,Wild Type,Seedlings,BRIC-PDFU,ISS Environmental Simulator,"sterile 1/2 strength Epstein's medium supplemented with 1% (w/v) Phytagel and 10 mM sucrose, pH 5.7",Dark Treatment,-80 degree Celsius,8 day,RNALater,Rep2-GC-A4,
GLDS-37,Atha_Col-0_sl-pool_GC_Rep7_R2-GC-B1,Atha_Col-0_sl-pool_GC_Rep7_R2-GC-B1,"Lehle Seeds (Round Rock, TX, USA)",Ground Control,Col-0,Wild Type,Seedlings,BRIC-PDFU,ISS Environmental Simulator,"sterile 1/2 strength Epstein's medium supplemented with 1% (w/v) Phytagel and 10 mM sucrose, pH 5.7",Dark Treatment,-80 degree Celsius,8 day,RNALater,Rep2-GC-B1,
GLDS-37,Atha_Col-0_sl-pool_GC_Rep8_R2-GC-B4,Atha_Col-0_sl-pool_GC_Rep8_R2-GC-B4,"Lehle Seeds (Round Rock, TX, USA)",Ground Control,Col-0,Wild Type,Seedlings,BRIC-PDFU,ISS Environmental Simulator,"sterile 1/2 strength Epstein's medium supplemented with 1% (w/v) Phytagel and 10 mM sucrose, pH 5.7",Dark Treatment,-80 degree Celsius,8 day,RNALater,Rep2-GC-B4,
GLDS-38,Group-1.Subject-1,Atha_WT-Col-0_sl_FLT_Rep1_G1S1,"Arabidopsis Biological Resource Center, Columbus, Ohio, USA",Space Flight,Col-0,Wild Type,Seedling,BRIC-PDFU,ISS-US Laboratory,0.5x Murashige and Skoog media supplemented with 1% sucrose and 1% agar,Dark Treatment,-80 degree Celsius,3 day,RNALater,Group-1.Subject-1.seedlings.Pooled,Space FlightGroup-1.Subject-1.seedlings.Pooled
GLDS-38,Group-1.Subject-2,Atha_WT-Col-0_sl_FLT_Rep2_G1S2,"Arabidopsis Biological Resource Center, Columbus, Ohio, USA",Space Flight,Col-0,Wild Type,Seedling,BRIC-PDFU,ISS-US Laboratory,0.5x Murashige and Skoog media supplemented with 1% sucrose and 1% agar,Dark Treatment,-80 degree Celsius,3 day,RNALater,Group-1.Subject-2.seedlings.Pooled,Space FlightGroup-1.Subject-2.seedlings.Pooled
GLDS-38,Group-1.Subject-3,Atha_WT-Col-0_sl_FLT_Rep3_G1S3,"Arabidopsis Biological Resource Center, Columbus, Ohio, USA",Space Flight,Col-0,Wild Type,Seedling,BRIC-PDFU,ISS-US Laboratory,0.5x Murashige and Skoog media supplemented with 1% sucrose and 1% agar,Dark Treatment,-80 degree Celsius,3 day,RNALater,Group-1.Subject-3.seedlings.Pooled,Space FlightGroup-1.Subject-3.seedlings.Pooled
GLDS-38,Group-2.Subject-1,Atha_WT-Col-0_sl_GC_Rep1_G2S1,"Arabidopsis Biological Resource Center, Columbus, Ohio, USA",Ground Control,Col-0,Wild Type,Seedling,BRIC-PDFU,Ground ControlGroup-2.Subject-1.seedlings.Pooled,0.5x Murashige and Skoog media supplemented with 1% sucrose and 1% agar,Dark Treatment,-80 degree Celsius,3 day,RNALater,Group-2.Subject-1.seedlings.Pooled,Ground ControlGroup-2.Subject-1.seedlings.Pooled
GLDS-38,Group-2.Subject-2,Atha_WT-Col-0_sl_GC_Rep2_G2S2,"Arabidopsis Biological Resource Center, Columbus, Ohio, USA",Ground Control,Col-0,Wild Type,Seedling,BRIC-PDFU,Ground ControlGroup-2.Subject-2.seedlings.Pooled,0.5x Murashige and Skoog media supplemented with 1% sucrose and 1% agar,Dark Treatment,-80 degree Celsius,3 day,RNALater,Group-2.Subject-2.seedlings.Pooled,Ground ControlGroup-2.Subject-2.seedlings.Pooled
GLDS-38,Group-2.Subject-3,Atha_WT-Col-0_sl_GC_Rep3_G2S3,"Arabidopsis Biological Resource Center, Columbus, Ohio, USA",Ground Control,Col-0,Wild Type,Seedling,BRIC-PDFU,Ground ControlGroup-2.Subject-3.seedlings.Pooled,0.5x Murashige and Skoog media supplemented with 1% sucrose and 1% agar,Dark Treatment,-80 degree Celsius,3 day,RNALater,Group-2.Subject-3.seedlings.Pooled,Ground ControlGroup-2.Subject-3.seedlings.Pooled
GLDS-38,rl-1,Atha_WT-Col-0_sl_RNAlat_Rep1_rl1,"Arabidopsis Biological Resource Center, Columbus, Ohio, USA",Ground Control,Col-0,Wild Type,Seedling,BRIC-PDFU,ISS Environmental Simulator,0.5x Murashige and Skoog media supplemented with 1% sucrose and 1% agar,Dark Treatment,-80 degree Celsius,3 day,RNALater,rl-1-seedlings,Ground Control_rl-1-seedlings
GLDS-38,rl-2,Atha_WT-Col-0_sl_RNAlat_Rep2_rl2,"Arabidopsis Biological Resource Center, Columbus, Ohio, USA",Ground Control,Col-0,Wild Type,Seedling,BRIC-PDFU,ISS Environmental Simulator,0.5x Murashige and Skoog media supplemented with 1% sucrose and 1% agar,Dark Treatment,-80 degree Celsius,3 day,RNALater,rl-2-seedlings,Ground Control_rl-2-seedlings
GLDS-38,rl-3,Atha_WT-Col-0_sl_RNAlat_Rep3_rl3,"Arabidopsis Biological Resource Center, Columbus, Ohio, USA",Ground Control,Col-0,Wild Type,Seedling,BRIC-PDFU,ISS Environmental Simulator,0.5x Murashige and Skoog media supplemented with 1% sucrose and 1% agar,Dark Treatment,-80 degree Celsius,3 day,RNALater,rl-3--seedlings,Ground Control_rl-3--seedlings
GLDS-38,n2-1,Atha_WT-Col-0_sl_LN2_Rep1_n2-1,"Arabidopsis Biological Resource Center, Columbus, Ohio, USA",Ground Control,Col-0,Wild Type,Seedling,BRIC-PDFU,ISS Environmental Simulator,0.5x Murashige and Skoog media supplemented with 1% sucrose and 1% agar,Dark Treatment,-80 degree Celsius,3 day,Liquid Nitrogen,n2-1-seedlings,Ground Control_n2-1-seedlings
GLDS-38,n2-2,Atha_WT-Col-0_sl_LN2_Rep2_n2-2,"Arabidopsis Biological Resource Center, Columbus, Ohio, USA",Ground Control,Col-0,Wild Type,Seedling,BRIC-PDFU,ISS Environmental Simulator,0.5x Murashige and Skoog media supplemented with 1% sucrose and 1% agar,Dark Treatment,-80 degree Celsius,3 day,Liquid Nitrogen,n2-2-seedlings,Ground Control_n2-2-seedlings
GLDS-38,n2-3,Atha_WT-Col-0_sl_LN2_Rep3_n2-3,"Arabidopsis Biological Resource Center, Columbus, Ohio, USA",Ground Control,Col-0,Wild Type,Seedling,BRIC-PDFU,ISS Environmental Simulator,0.5x Murashige and Skoog media supplemented with 1% sucrose and 1% agar,Dark Treatment,-80 degree Celsius,3 day,Liquid Nitrogen,n2-3-seedlings,Ground Control_n2-3-seedlings
GLDS-38,Group-1.Subject-1,Atha_WT-Col-0_sl_FLT_Rep1_G1S1_membrane,"Arabidopsis Biological Resource Center, Columbus, Ohio, USA",Space Flight,Col-0,Wild Type,Seedling,BRIC-PDFU,ISS-US Laboratory,0.5x Murashige and Skoog media supplemented with 1% sucrose and 1% agar,Dark Treatment,-80 degree Celsius,3 day,RNALater,Group-1.Subject-1.seedlings.Pooled,Space FlightGroup-1.Subject-1.seedlings.Pooled
GLDS-38,Group-1.Subject-2,Atha_WT-Col-0_sl_FLT_Rep2_G1S2_membrane,"Arabidopsis Biological Resource Center, Columbus, Ohio, USA",Space Flight,Col-0,Wild Type,Seedling,BRIC-PDFU,ISS-US Laboratory,0.5x Murashige and Skoog media supplemented with 1% sucrose and 1% agar,Dark Treatment,-80 degree Celsius,3 day,RNALater,Group-1.Subject-2.seedlings.Pooled,Space FlightGroup-1.Subject-2.seedlings.Pooled
GLDS-38,Group-1.Subject-3,Atha_WT-Col-0_sl_FLT_Rep3_G1S3_membrane,"Arabidopsis Biological Resource Center, Columbus, Ohio, USA",Space Flight,Col-0,Wild Type,Seedling,BRIC-PDFU,ISS-US Laboratory,0.5x Murashige and Skoog media supplemented with 1% sucrose and 1% agar,Dark Treatment,-80 degree Celsius,3 day,RNALater,Group-1.Subject-3.seedlings.Pooled,Space FlightGroup-1.Subject-3.seedlings.Pooled
GLDS-38,Group-2.Subject-1,Atha_WT-Col-0_sl_GC_Rep1_G2S1_membrane,"Arabidopsis Biological Resource Center, Columbus, Ohio, USA",Ground Control,Col-0,Wild Type,Seedling,BRIC-PDFU,ISS Environmental Simulator,0.5x Murashige and Skoog media supplemented with 1% sucrose and 1% agar,Dark Treatment,-80 degree Celsius,3 day,RNALater,Group-2.Subject-1.seedlings.Pooled,Ground ControlGroup-2.Subject-1.seedlings.Pooled
GLDS-38,Group-2.Subject-2,Atha_WT-Col-0_sl_GC_Rep2_G2S2_membrane,"Arabidopsis Biological Resource Center, Columbus, Ohio, USA",Ground Control,Col-0,Wild Type,Seedling,BRIC-PDFU,ISS Environmental Simulator,0.5x Murashige and Skoog media supplemented with 1% sucrose and 1% agar,Dark Treatment,-80 degree Celsius,3 day,RNALater,Group-2.Subject-2.seedlings.Pooled,Ground ControlGroup-2.Subject-2.seedlings.Pooled
GLDS-38,Group-2.Subject-3,Atha_WT-Col-0_sl_GC_Rep3_G2S3_membrane,"Arabidopsis Biological Resource Center, Columbus, Ohio, USA",Ground Control,Col-0,Wild Type,Seedling,BRIC-PDFU,ISS Environmental Simulator,0.5x Murashige and Skoog media supplemented with 1% sucrose and 1% agar,Dark Treatment,-80 degree Celsius,3 day,RNALater,Group-2.Subject-3.seedlings.Pooled,Ground ControlGroup-2.Subject-3.seedlings.Pooled
GLDS-38,Group-1.Subject-1,Atha_WT-Col-0_sl_FLT_Rep1_G1S1_soluble,"Arabidopsis Biological Resource Center, Columbus, Ohio, USA",Space Flight,Col-0,Wild Type,Seedling,BRIC-PDFU,ISS-US Laboratory,0.5x Murashige and Skoog media supplemented with 1% sucrose and 1% agar,Dark Treatment,-80 degree Celsius,3 day,RNALater,Group-1.Subject-1.seedlings.Pooled,Space FlightGroup-1.Subject-1.seedlings.Pooled
GLDS-38,Group-1.Subject-2,Atha_WT-Col-0_sl_FLT_Rep2_G1S2_soluble,"Arabidopsis Biological Resource Center, Columbus, Ohio, USA",Space Flight,Col-0,Wild Type,Seedling,BRIC-PDFU,ISS-US Laboratory,0.5x Murashige and Skoog media supplemented with 1% sucrose and 1% agar,Dark Treatment,-80 degree Celsius,3 day,RNALater,Group-1.Subject-2.seedlings.Pooled,Space FlightGroup-1.Subject-2.seedlings.Pooled
GLDS-38,Group-1.Subject-3,Atha_WT-Col-0_sl_FLT_Rep3_G1S3_soluble,"Arabidopsis Biological Resource Center, Columbus, Ohio, USA",Space Flight,Col-0,Wild Type,Seedling,BRIC-PDFU,ISS-US Laboratory,0.5x Murashige and Skoog media supplemented with 1% sucrose and 1% agar,Dark Treatment,-80 degree Celsius,3 day,RNALater,Group-1.Subject-3.seedlings.Pooled,Space FlightGroup-1.Subject-3.seedlings.Pooled
GLDS-38,Group-2.Subject-1,Atha_WT-Col-0_sl_GC_Rep1_G2S1_soluble,"Arabidopsis Biological Resource Center, Columbus, Ohio, USA",Ground Control,Col-0,Wild Type,Seedling,BRIC-PDFU,ISS Environmental Simulator,0.5x Murashige and Skoog media supplemented with 1% sucrose and 1% agar,Dark Treatment,-80 degree Celsius,3 day,RNALater,Group-2.Subject-1.seedlings.Pooled,Ground ControlGroup-2.Subject-1.seedlings.Pooled
GLDS-38,Group-2.Subject-2,Atha_WT-Col-0_sl_GC_Rep2_G2S2_soluble,"Arabidopsis Biological Resource Center, Columbus, Ohio, USA",Ground Control,Col-0,Wild Type,Seedling,BRIC-PDFU,ISS Environmental Simulator,0.5x Murashige and Skoog media supplemented with 1% sucrose and 1% agar,Dark Treatment,-80 degree Celsius,3 day,RNALater,Group-2.Subject-2.seedlings.Pooled,Ground ControlGroup-2.Subject-2.seedlings.Pooled
GLDS-38,Group-2.Subject-3,Atha_WT-Col-0_sl_GC_Rep3_G2S3_soluble,"Arabidopsis Biological Resource Center, Columbus, Ohio, USA",Ground Control,Col-0,Wild Type,Seedling,BRIC-PDFU,ISS Environmental Simulator,0.5x Murashige and Skoog media supplemented with 1% sucrose and 1% agar,Dark Treatment,-80 degree Celsius,3 day,RNALater,Group-2.Subject-3.seedlings.Pooled,Ground ControlGroup-2.Subject-3.seedlings.Pooled
GLDS-38,rl-1,Atha_WT-Col-0_sl_RNAlat_Rep1_rl1_membrane,"Arabidopsis Biological Resource Center, Columbus, Ohio, USA",Ground Control,Col-0,Wild Type,Seedling,BRIC-PDFU,Earth surface,0.5x Murashige and Skoog media supplemented with 1% sucrose and 1% agar,Dark Treatment,-80 degree Celsius,3 day,RNALater,rl-1-seedlings,Ground Control_rl-1-seedlings
GLDS-38,rl-2,Atha_WT-Col-0_sl_RNAlat_Rep2_rl2_membrane,"Arabidopsis Biological Resource Center, Columbus, Ohio, USA",Ground Control,Col-0,Wild Type,Seedling,BRIC-PDFU,Earth surface,0.5x Murashige and Skoog media supplemented with 1% sucrose and 1% agar,Dark Treatment,-80 degree Celsius,3 day,RNALater,rl-2-seedlings,Ground Control_rl-2-seedlings
GLDS-38,rl-3,Atha_WT-Col-0_sl_RNAlat_Rep3_rl3_membrane,"Arabidopsis Biological Resource Center, Columbus, Ohio, USA",Ground Control,Col-0,Wild Type,Seedling,BRIC-PDFU,Earth surface,0.5x Murashige and Skoog media supplemented with 1% sucrose and 1% agar,Dark Treatment,-80 degree Celsius,3 day,RNALater,rl-3--seedlings,Ground Control_rl-3--seedlings
GLDS-38,n2-1,Atha_WT-Col-0_sl_LN2_Rep1_n2-1_membrane,"Arabidopsis Biological Resource Center, Columbus, Ohio, USA",Ground Control,Col-0,Wild Type,Seedling,BRIC-PDFU,Earth surface,0.5x Murashige and Skoog media supplemented with 1% sucrose and 1% agar,Dark Treatment,-80 degree Celsius,3 day,Liquid Nitrogen,n2-1-seedlings,Ground Control_n2-1-seedlings
GLDS-38,n2-2,Atha_WT-Col-0_sl_LN2_Rep2_n2-2_membrane,"Arabidopsis Biological Resource Center, Columbus, Ohio, USA",Ground Control,Col-0,Wild Type,Seedling,BRIC-PDFU,Earth surface,0.5x Murashige and Skoog media supplemented with 1% sucrose and 1% agar,Dark Treatment,-80 degree Celsius,3 day,Liquid Nitrogen,n2-2-seedlings,Ground Control_n2-2-seedlings
GLDS-38,n2-3,Atha_WT-Col-0_sl_LN2_Rep3_n2-3_membrane,"Arabidopsis Biological Resource Center, Columbus, Ohio, USA",Ground Control,Col-0,Wild Type,Seedling,BRIC-PDFU,Earth surface,0.5x Murashige and Skoog media supplemented with 1% sucrose and 1% agar,Dark Treatment,-80 degree Celsius,3 day,Liquid Nitrogen,n2-3-seedlings,Ground Control_n2-3-seedlings
GLDS-38,rl-1,Atha_WT-Col-0_sl_RNAlat_Rep1_rl1_soluble,"Arabidopsis Biological Resource Center, Columbus, Ohio, USA",Ground Control,Col-0,Wild Type,Seedling,BRIC-PDFU,Earth surface,0.5x Murashige and Skoog media supplemented with 1% sucrose and 1% agar,Dark Treatment,-80 degree Celsius,3 day,RNALater,rl-1-seedlings,Ground Control_rl-1-seedlings
GLDS-38,rl-2,Atha_WT-Col-0_sl_RNAlat_Rep2_rl2_soluble,"Arabidopsis Biological Resource Center, Columbus, Ohio, USA",Ground Control,Col-0,Wild Type,Seedling,BRIC-PDFU,Earth surface,0.5x Murashige and Skoog media supplemented with 1% sucrose and 1% agar,Dark Treatment,-80 degree Celsius,3 day,RNALater,rl-2-seedlings,Ground Control_rl-2-seedlings
GLDS-38,rl-3,Atha_WT-Col-0_sl_RNAlat_Rep3_rl3_soluble,"Arabidopsis Biological Resource Center, Columbus, Ohio, USA",Ground Control,Col-0,Wild Type,Seedling,BRIC-PDFU,Earth surface,0.5x Murashige and Skoog media supplemented with 1% sucrose and 1% agar,Dark Treatment,-80 degree Celsius,3 day,RNALater,rl-3--seedlings,Ground Control_rl-3--seedlings
GLDS-38,n2-1,Atha_WT-Col-0_sl_LN2_Rep1_n2-1_soluble,"Arabidopsis Biological Resource Center, Columbus, Ohio, USA",Ground Control,Col-0,Wild Type,Seedling,BRIC-PDFU,Earth surface,0.5x Murashige and Skoog media supplemented with 1% sucrose and 1% agar,Dark Treatment,-80 degree Celsius,3 day,Liquid Nitrogen,n2-1-seedlings,Ground Control_n2-1-seedlings
GLDS-38,n2-2,Atha_WT-Col-0_sl_LN2_Rep2_n2-2_soluble,"Arabidopsis Biological Resource Center, Columbus, Ohio, USA",Ground Control,Col-0,Wild Type,Seedling,BRIC-PDFU,Earth surface,0.5x Murashige and Skoog media supplemented with 1% sucrose and 1% agar,Dark Treatment,-80 degree Celsius,3 day,Liquid Nitrogen,n2-2-seedlings,Ground Control_n2-2-seedlings
GLDS-38,n2-3,Atha_WT-Col-0_sl_LN2_Rep3_n2-3_soluble,"Arabidopsis Biological Resource Center, Columbus, Ohio, USA",Ground Control,Col-0,Wild Type,Seedling,BRIC-PDFU,Earth surface,0.5x Murashige and Skoog media supplemented with 1% sucrose and 1% agar,Dark Treatment,-80 degree Celsius,3 day,Liquid Nitrogen,n2-3-seedlings,Ground Control_n2-3-seedlings
GLDS-120,Atha_Col-0_root_GC_Alight_Rep1_GSM2493759,Atha_Col-0_root_GC_Alight_Rep1_GSM2493759_Day06,Not Available,Ground Control,Col-0,Wild Type,Plant Roots,ambient light,ISS Environmental Simulator,0.5x Murashige and Skoog media supplemented with 1% sucrose and 1% agar,Light Treatment,-80 degree Celsius,6 day,RNALater,,
GLDS-120,Atha_Col-0_root_GC_Alight_Rep1_GSM2493759,Atha_Col-0_root_GC_Alight_Rep1_GSM2493759_Day09,Not Available,Ground Control,Col-0,Wild Type,Plant Roots,ambient light,ISS Environmental Simulator,0.5x Murashige and Skoog media supplemented with 1% sucrose and 1% agar,Light Treatment,-80 degree Celsius,9 day,RNALater,,
GLDS-120,Atha_Col-0_root_GC_Alight_Rep1_GSM2493759,Atha_Col-0_root_GC_Alight_Rep1_GSM2493759_Day13,Not Available,Ground Control,Col-0,Wild Type,Plant Roots,ambient light,ISS Environmental Simulator,0.5x Murashige and Skoog media supplemented with 1% sucrose and 1% agar,Light Treatment,-80 degree Celsius,13 day,RNALater,,
GLDS-120,Atha_Col-0_root_GC_Alight_Rep1_GSM2493759,Atha_Col-0_root_GC_Alight_Rep1_GSM2493759_Day03,Not Available,Ground Control,Col-0,Wild Type,Plant Roots,ambient light,ISS Environmental Simulator,0.5x Murashige and Skoog media supplemented with 1% sucrose and 1% agar,Light Treatment,-80 degree Celsius,3 day,RNALater,,
GLDS-120,Atha_Col-0_root_GC_Alight_Rep2_GSM2493760,Atha_Col-0_root_GC_Alight_Rep2_GSM2493760_Day06,Not Available,Ground Control,Col-0,Wild Type,Plant Roots,ambient light,ISS Environmental Simulator,0.5x Murashige and Skoog media supplemented with 1% sucrose and 1% agar,Light Treatment,-80 degree Celsius,6 day,RNALater,,
GLDS-120,Atha_Col-0_root_GC_Alight_Rep2_GSM2493760,Atha_Col-0_root_GC_Alight_Rep2_GSM2493760_Day09,Not Available,Ground Control,Col-0,Wild Type,Plant Roots,ambient light,ISS Environmental Simulator,0.5x Murashige and Skoog media supplemented with 1% sucrose and 1% agar,Light Treatment,-80 degree Celsius,9 day,RNALater,,
GLDS-120,Atha_Col-0_root_GC_Alight_Rep2_GSM2493760,Atha_Col-0_root_GC_Alight_Rep2_GSM2493760_Day13,Not Available,Ground Control,Col-0,Wild Type,Plant Roots,ambient light,ISS Environmental Simulator,0.5x Murashige and Skoog media supplemented with 1% sucrose and 1% agar,Light Treatment,-80 degree Celsius,13 day,RNALater,,
GLDS-120,Atha_Col-0_root_GC_Alight_Rep2_GSM2493760,Atha_Col-0_root_GC_Alight_Rep2_GSM2493760_Day03,Not Available,Ground Control,Col-0,Wild Type,Plant Roots,ambient light,ISS Environmental Simulator,0.5x Murashige and Skoog media supplemented with 1% sucrose and 1% agar,Light Treatment,-80 degree Celsius,3 day,RNALater,,
GLDS-120,Atha_Col-0_root_GC_Alight_Rep3_GSM2493761,Atha_Col-0_root_GC_Alight_Rep3_GSM2493761_Day06,Not Available,Ground Control,Col-0,Wild Type,Plant Roots,ambient light,ISS Environmental Simulator,0.5x Murashige and Skoog media supplemented with 1% sucrose and 1% agar,Light Treatment,-80 degree Celsius,6 day,RNALater,,
GLDS-120,Atha_Col-0_root_GC_Alight_Rep3_GSM2493761,Atha_Col-0_root_GC_Alight_Rep3_GSM2493761_Day09,Not Available,Ground Control,Col-0,Wild Type,Plant Roots,ambient light,ISS Environmental Simulator,0.5x Murashige and Skoog media supplemented with 1% sucrose and 1% agar,Light Treatment,-80 degree Celsius,9 day,RNALater,,
GLDS-120,Atha_Col-0_root_GC_Alight_Rep3_GSM2493761,Atha_Col-0_root_GC_Alight_Rep3_GSM2493761_Day03,Not Available,Ground Control,Col-0,Wild Type,Plant Roots,ambient light,ISS Environmental Simulator,0.5x Murashige and Skoog media supplemented with 1% sucrose and 1% agar,Light Treatment,-80 degree Celsius,3 day,RNALater,,
GLDS-120,Atha_Ws_root_GC_Alight_Rep1_GSM2493762,Atha_Ws_root_GC_Alight_Rep1_GSM2493762_Day06,Not Available,Ground Control,Wassilewskija ecotype,Wild Type,Plant Roots,ambient light,ISS Environmental Simulator,0.5x Murashige and Skoog media supplemented with 1% sucrose and 1% agar,Light Treatment,-80 degree Celsius,6 day,RNALater,,
GLDS-120,Atha_Ws_root_GC_Alight_Rep1_GSM2493762,Atha_Ws_root_GC_Alight_Rep1_GSM2493762_Day09,Not Available,Ground Control,Wassilewskija ecotype,Wild Type,Plant Roots,ambient light,ISS Environmental Simulator,0.5x Murashige and Skoog media supplemented with 1% sucrose and 1% agar,Light Treatment,-80 degree Celsius,9 day,RNALater,,
GLDS-120,Atha_Ws_root_GC_Alight_Rep1_GSM2493762,Atha_Ws_root_GC_Alight_Rep1_GSM2493762_Day13,Not Available,Ground Control,Wassilewskija ecotype,Wild Type,Plant Roots,ambient light,ISS Environmental Simulator,0.5x Murashige and Skoog media supplemented with 1% sucrose and 1% agar,Light Treatment,-80 degree Celsius,13 day,RNALater,,
GLDS-120,Atha_Ws_root_GC_Alight_Rep1_GSM2493762,Atha_Ws_root_GC_Alight_Rep1_GSM2493762_Day03,Not Available,Ground Control,Wassilewskija ecotype,Wild Type,Plant Roots,ambient light,ISS Environmental Simulator,0.5x Murashige and Skoog media supplemented with 1% sucrose and 1% agar,Light Treatment,-80 degree Celsius,3 day,RNALater,,
GLDS-120,Atha_Ws_root_GC_Alight_Rep2_GSM2493763,Atha_Ws_root_GC_Alight_Rep2_GSM2493763_Day06,Not Available,Ground Control,Wassilewskija ecotype,Wild Type,Plant Roots,ambient light,ISS Environmental Simulator,0.5x Murashige and Skoog media supplemented with 1% sucrose and 1% agar,Light Treatment,-80 degree Celsius,6 day,RNALater,,
GLDS-120,Atha_Ws_root_GC_Alight_Rep2_GSM2493763,Atha_Ws_root_GC_Alight_Rep2_GSM2493763_Day09,Not Available,Ground Control,Wassilewskija ecotype,Wild Type,Plant Roots,ambient light,ISS Environmental Simulator,0.5x Murashige and Skoog media supplemented with 1% sucrose and 1% agar,Light Treatment,-80 degree Celsius,9 day,RNALater,,
GLDS-120,Atha_Ws_root_GC_Alight_Rep2_GSM2493763,Atha_Ws_root_GC_Alight_Rep2_GSM2493763_Day03,Not Available,Ground Control,Wassilewskija ecotype,Wild Type,Plant Roots,ambient light,ISS Environmental Simulator,0.5x Murashige and Skoog media supplemented with 1% sucrose and 1% agar,Light Treatment,-80 degree Celsius,3 day,RNALater,,
GLDS-120,Atha_Ws_root_GC_Alight_Rep2_GSM2493763,Atha_Ws_root_GC_Alight_Rep2_GSM2493763_Day13,Not Available,Ground Control,Wassilewskija ecotype,Wild Type,Plant Roots,ambient light,ISS Environmental Simulator,0.5x Murashige and Skoog media supplemented with 1% sucrose and 1% agar,Light Treatment,-80 degree Celsius,13 day,RNALater,,
GLDS-120,Atha_Ws_root_GC_Alight_Rep3_GSM2493764,Atha_Ws_root_GC_Alight_Rep3_GSM2493764_Day09,Not Available,Ground Control,Wassilewskija ecotype,Wild Type,Plant Roots,ambient light,ISS Environmental Simulator,0.5x Murashige and Skoog media supplemented with 1% sucrose and 1% agar,Light Treatment,-80 degree Celsius,9 day,RNALater,,
GLDS-120,Atha_Ws_root_GC_Alight_Rep3_GSM2493764,Atha_Ws_root_GC_Alight_Rep3_GSM2493764_Day13,Not Available,Ground Control,Wassilewskija ecotype,Wild Type,Plant Roots,ambient light,ISS Environmental Simulator,0.5x Murashige and Skoog media supplemented with 1% sucrose and 1% agar,Light Treatment,-80 degree Celsius,13 day,RNALater,,
GLDS-120,Atha_Ws_root_GC_Alight_Rep3_GSM2493764,Atha_Ws_root_GC_Alight_Rep3_GSM2493764_Day03,Not Available,Ground Control,Wassilewskija ecotype,Wild Type,Plant Roots,ambient light,ISS Environmental Simulator,0.5x Murashige and Skoog media supplemented with 1% sucrose and 1% agar,Light Treatment,-80 degree Celsius,3 day,RNALater,,
GLDS-120,Atha_Ws_root_GC_Alight_Rep3_GSM2493764,Atha_Ws_root_GC_Alight_Rep3_GSM2493764_Day06,Not Available,Ground Control,Wassilewskija ecotype,Wild Type,Plant Roots,ambient light,ISS Environmental Simulator,0.5x Murashige and Skoog media supplemented with 1% sucrose and 1% agar,Light Treatment,-80 degree Celsius,6 day,RNALater,,
GLDS-120,Atha_Col-0-PhyD_root_GC_Alight_Rep1_GSM2493765,Atha_Col-0-PhyD_root_GC_Alight_Rep1_GSM2493765_Day09,Arabidopsis Biological Resource Center SALK_027956C,Ground Control,Col-0 PhyD,Col-0 PhyD,Plant Roots,ambient light,ISS Environmental Simulator,0.5x Murashige and Skoog media supplemented with 1% sucrose and 1% agar,Light Treatment,-80 degree Celsius,9 day,RNALater,,
GLDS-120,Atha_Col-0-PhyD_root_GC_Alight_Rep1_GSM2493765,Atha_Col-0-PhyD_root_GC_Alight_Rep1_GSM2493765_Day13,Arabidopsis Biological Resource Center SALK_027956C,Ground Control,Col-0 PhyD,Col-0 PhyD,Plant Roots,ambient light,ISS Environmental Simulator,0.5x Murashige and Skoog media supplemented with 1% sucrose and 1% agar,Light Treatment,-80 degree Celsius,13 day,RNALater,,
GLDS-120,Atha_Col-0-PhyD_root_GC_Alight_Rep1_GSM2493765,Atha_Col-0-PhyD_root_GC_Alight_Rep1_GSM2493765_Day00,Arabidopsis Biological Resource Center SALK_027956C,Ground Control,Col-0 PhyD,Col-0 PhyD,Plant Roots,ambient light,ISS Environmental Simulator,0.5x Murashige and Skoog media supplemented with 1% sucrose and 1% agar,Light Treatment,-80 degree Celsius,0 day,RNALater,,
GLDS-120,Atha_Col-0-PhyD_root_GC_Alight_Rep1_GSM2493765,Atha_Col-0-PhyD_root_GC_Alight_Rep1_GSM2493765_Day06,Arabidopsis Biological Resource Center SALK_027956C,Ground Control,Col-0 PhyD,Col-0 PhyD,Plant Roots,ambient light,ISS Environmental Simulator,0.5x Murashige and Skoog media supplemented with 1% sucrose and 1% agar,Light Treatment,-80 degree Celsius,6 day,RNALater,,
GLDS-120,Atha_Col-0-PhyD_root_GC_Alight_Rep1_GSM2493765,Atha_Col-0-PhyD_root_GC_Alight_Rep1_GSM2493765_Day03,Arabidopsis Biological Resource Center SALK_027956C,Ground Control,Col-0 PhyD,Col-0 PhyD,Plant Roots,ambient light,ISS Environmental Simulator,0.5x Murashige and Skoog media supplemented with 1% sucrose and 1% agar,Light Treatment,-80 degree Celsius,3 day,RNALater,,
GLDS-120,Atha_Col-0-PhyD_root_GC_Alight_Rep2_GSM2493766,Atha_Col-0-PhyD_root_GC_Alight_Rep2_GSM2493766_Day06,Arabidopsis Biological Resource Center SALK_027956C,Ground Control,Col-0 PhyD,Col-0 PhyD,Plant Roots,ambient light,ISS Environmental Simulator,0.5x Murashige and Skoog media supplemented with 1% sucrose and 1% agar,Light Treatment,-80 degree Celsius,6 day,RNALater,,
GLDS-120,Atha_Col-0-PhyD_root_GC_Alight_Rep2_GSM2493766,Atha_Col-0-PhyD_root_GC_Alight_Rep2_GSM2493766_Day09,Arabidopsis Biological Resource Center SALK_027956C,Ground Control,Col-0 PhyD,Col-0 PhyD,Plant Roots,ambient light,ISS Environmental Simulator,0.5x Murashige and Skoog media supplemented with 1% sucrose and 1% agar,Light Treatment,-80 degree Celsius,9 day,RNALater,,
GLDS-120,Atha_Col-0-PhyD_root_GC_Alight_Rep2_GSM2493766,Atha_Col-0-PhyD_root_GC_Alight_Rep2_GSM2493766_Day13,Arabidopsis Biological Resource Center SALK_027956C,Ground Control,Col-0 PhyD,Col-0 PhyD,Plant Roots,ambient light,ISS Environmental Simulator,0.5x Murashige and Skoog media supplemented with 1% sucrose and 1% agar,Light Treatment,-80 degree Celsius,13 day,RNALater,,
GLDS-120,Atha_Col-0-PhyD_root_GC_Alight_Rep2_GSM2493766,Atha_Col-0-PhyD_root_GC_Alight_Rep2_GSM2493766_Day03,Arabidopsis Biological Resource Center SALK_027956C,Ground Control,Col-0 PhyD,Col-0 PhyD,Plant Roots,ambient light,ISS Environmental Simulator,0.5x Murashige and Skoog media supplemented with 1% sucrose and 1% agar,Light Treatment,-80 degree Celsius,3 day,RNALater,,
GLDS-120,Atha_Col-0-PhyD_root_GC_Alight_Rep3_GSM2493767,Atha_Col-0-PhyD_root_GC_Alight_Rep3_GSM2493767_Day06,Arabidopsis Biological Resource Center SALK_027956C,Ground Control,Col-0 PhyD,Col-0 PhyD,Plant Roots,ambient light,ISS Environmental Simulator,0.5x Murashige and Skoog media supplemented with 1% sucrose and 1% agar,Light Treatment,-80 degree Celsius,6 day,RNALater,,
GLDS-120,Atha_Col-0-PhyD_root_GC_Alight_Rep3_GSM2493767,Atha_Col-0-PhyD_root_GC_Alight_Rep3_GSM2493767_Day09,Arabidopsis Biological Resource Center SALK_027956C,Ground Control,Col-0 PhyD,Col-0 PhyD,Plant Roots,ambient light,ISS Environmental Simulator,0.5x Murashige and Skoog media supplemented with 1% sucrose and 1% agar,Light Treatment,-80 degree Celsius,9 day,RNALater,,
GLDS-120,Atha_Col-0-PhyD_root_GC_Alight_Rep3_GSM2493767,Atha_Col-0-PhyD_root_GC_Alight_Rep3_GSM2493767_Day13,Arabidopsis Biological Resource Center SALK_027956C,Ground Control,Col-0 PhyD,Col-0 PhyD,Plant Roots,ambient light,ISS Environmental Simulator,0.5x Murashige and Skoog media supplemented with 1% sucrose and 1% agar,Light Treatment,-80 degree Celsius,13 day,RNALater,,
GLDS-120,Atha_Col-0-PhyD_root_GC_Alight_Rep3_GSM2493767,Atha_Col-0-PhyD_root_GC_Alight_Rep3_GSM2493767_Day03,Arabidopsis Biological Resource Center SALK_027956C,Ground Control,Col-0 PhyD,Col-0 PhyD,Plant Roots,ambient light,ISS Environmental Simulator,0.5x Murashige and Skoog media supplemented with 1% sucrose and 1% agar,Light Treatment,-80 degree Celsius,3 day,RNALater,,
GLDS-120,Atha_Col-0_root_GC_dark_Rep1_GSM2493768,Atha_Col-0_root_GC_dark_Rep1_GSM2493768_Day13,Not Available,Ground Control,Col-0,Wild Type,Plant Roots,Not Applicable,ISS Environmental Simulator,0.5x Murashige and Skoog media supplemented with 1% sucrose and 1% agar,Dark Treatment,-80 degree Celsius,13 day,RNALater,,
GLDS-120,Atha_Col-0_root_GC_dark_Rep2_GSM2493769,Atha_Col-0_root_GC_dark_Rep2_GSM2493769_Day13,Not Available,Ground Control,Col-0,Wild Type,Plant Roots,Not Applicable,ISS Environmental Simulator,0.5x Murashige and Skoog media supplemented with 1% sucrose and 1% agar,Dark Treatment,-80 degree Celsius,13 day,RNALater,,
GLDS-120,Atha_Col-0_root_GC_dark_Rep3_GSM2493770,Atha_Col-0_root_GC_dark_Rep3_GSM2493770_Day13,Not Available,Ground Control,Col-0,Wild Type,Plant Roots,Not Applicable,ISS Environmental Simulator,0.5x Murashige and Skoog media supplemented with 1% sucrose and 1% agar,Dark Treatment,-80 degree Celsius,13 day,RNALater,,
GLDS-120,Atha_Ws_root_GC_dark_Rep1_GSM2493771,Atha_Ws_root_GC_dark_Rep1_GSM2493771_Day13,Not Available,Ground Control,Wassilewskija ecotype,Wild Type,Plant Roots,Not Applicable,ISS Environmental Simulator,0.5x Murashige and Skoog media supplemented with 1% sucrose and 1% agar,Dark Treatment,-80 degree Celsius,13 day,RNALater,,
GLDS-120,Atha_Ws_root_GC_dark_Rep2_GSM2493772,Atha_Ws_root_GC_dark_Rep2_GSM2493772_Day13,Not Available,Ground Control,Wassilewskija ecotype,Wild Type,Plant Roots,Not Applicable,ISS Environmental Simulator,0.5x Murashige and Skoog media supplemented with 1% sucrose and 1% agar,Dark Treatment,-80 degree Celsius,13 day,RNALater,,
GLDS-120,Atha_Ws_root_GC_dark_Rep3_GSM2493773,Atha_Ws_root_GC_dark_Rep3_GSM2493773_Day13,Not Available,Ground Control,Wassilewskija ecotype,Wild Type,Plant Roots,Not Applicable,ISS Environmental Simulator,0.5x Murashige and Skoog media supplemented with 1% sucrose and 1% agar,Dark Treatment,-80 degree Celsius,13 day,RNALater,,
GLDS-120,Atha_Col-0-PhyD_root_GC_dark_Rep1_GSM2493774,Atha_Col-0-PhyD_root_GC_dark_Rep1_GSM2493774_Day13,Arabidopsis Biological Resource Center SALK_027956C,Ground Control,Col-0 PhyD,Col-0 PhyD,Plant Roots,Not Applicable,ISS Environmental Simulator,0.5x Murashige and Skoog media supplemented with 1% sucrose and 1% agar,Dark Treatment,-80 degree Celsius,13 day,RNALater,,
GLDS-120,Atha_Col-0-PhyD_root_GC_dark_Rep2_GSM2493775,Atha_Col-0-PhyD_root_GC_dark_Rep2_GSM2493775_Day13,Arabidopsis Biological Resource Center SALK_027956C,Ground Control,Col-0 PhyD,Col-0 PhyD,Plant Roots,Not Applicable,ISS Environmental Simulator,0.5x Murashige and Skoog media supplemented with 1% sucrose and 1% agar,Dark Treatment,-80 degree Celsius,13 day,RNALater,,
GLDS-120,Atha_Col-0-PhyD_root_GC_dark_Rep3_GSM2493776,Atha_Col-0-PhyD_root_GC_dark_Rep3_GSM2493776_Day13,Arabidopsis Biological Resource Center SALK_027956C,Ground Control,Col-0 PhyD,Col-0 PhyD,Plant Roots,Not Applicable,ISS Environmental Simulator,0.5x Murashige and Skoog media supplemented with 1% sucrose and 1% agar,Dark Treatment,-80 degree Celsius,13 day,RNALater,,
GLDS-120,Atha_Col-0_root_FLT_Alight_Rep1_GSM2493777,Atha_Col-0_root_FLT_Alight_Rep1_GSM2493777_Day03,Not Available,Space Flight,Col-0,Wild Type,Plant Roots,ambient light,ISS-Columbus,0.5x Murashige and Skoog media supplemented with 1% sucrose and 1% agar,Light Treatment,-80 degree Celsius,3 day,RNALater,,
GLDS-120,Atha_Col-0_root_FLT_Alight_Rep1_GSM2493777,Atha_Col-0_root_FLT_Alight_Rep1_GSM2493777_Day06,Not Available,Space Flight,Col-0,Wild Type,Plant Roots,ambient light,ISS-Columbus,0.5x Murashige and Skoog media supplemented with 1% sucrose and 1% agar,Light Treatment,-80 degree Celsius,6 day,RNALater,,
GLDS-120,Atha_Col-0_root_FLT_Alight_Rep1_GSM2493777,Atha_Col-0_root_FLT_Alight_Rep1_GSM2493777_Day09,Not Available,Space Flight,Col-0,Wild Type,Plant Roots,ambient light,ISS-Columbus,0.5x Murashige and Skoog media supplemented with 1% sucrose and 1% agar,Light Treatment,-80 degree Celsius,9 day,RNALater,,
GLDS-120,Atha_Col-0_root_FLT_Alight_Rep1_GSM2493777,Atha_Col-0_root_FLT_Alight_Rep1_GSM2493777_Day13,Not Available,Space Flight,Col-0,Wild Type,Plant Roots,ambient light,ISS-Columbus,0.5x Murashige and Skoog media supplemented with 1% sucrose and 1% agar,Light Treatment,-80 degree Celsius,13 day,RNALater,,
GLDS-120,Atha_Col-0_root_FLT_Alight_Rep2_GSM2493778,Atha_Col-0_root_FLT_Alight_Rep2_GSM2493778_Day13,Not Available,Space Flight,Col-0,Wild Type,Plant Roots,ambient light,ISS-Columbus,0.5x Murashige and Skoog media supplemented with 1% sucrose and 1% agar,Light Treatment,-80 degree Celsius,13 day,RNALater,,
GLDS-120,Atha_Col-0_root_FLT_Alight_Rep2_GSM2493778,Atha_Col-0_root_FLT_Alight_Rep2_GSM2493778_Day03,Not Available,Space Flight,Col-0,Wild Type,Plant Roots,ambient light,ISS-Columbus,0.5x Murashige and Skoog media supplemented with 1% sucrose and 1% agar,Light Treatment,-80 degree Celsius,3 day,RNALater,,
GLDS-120,Atha_Col-0_root_FLT_Alight_Rep2_GSM2493778,Atha_Col-0_root_FLT_Alight_Rep2_GSM2493778_Day06,Not Available,Space Flight,Col-0,Wild Type,Plant Roots,ambient light,ISS-Columbus,0.5x Murashige and Skoog media supplemented with 1% sucrose and 1% agar,Light Treatment,-80 degree Celsius,6 day,RNALater,,
GLDS-120,Atha_Col-0_root_FLT_Alight_Rep2_GSM2493778,Atha_Col-0_root_FLT_Alight_Rep2_GSM2493778_Day09,Not Available,Space Flight,Col-0,Wild Type,Plant Roots,ambient light,ISS-Columbus,0.5x Murashige and Skoog media supplemented with 1% sucrose and 1% agar,Light Treatment,-80 degree Celsius,9 day,RNALater,,
GLDS-120,Atha_Col-0_root_FLT_Alight_Rep3_GSM2493779,Atha_Col-0_root_FLT_Alight_Rep3_GSM2493779_Day03,Not Available,Space Flight,Col-0,Wild Type,Plant Roots,ambient light,ISS-Columbus,0.5x Murashige and Skoog media supplemented with 1% sucrose and 1% agar,Light Treatment,-80 degree Celsius,3 day,RNALater,,
GLDS-120,Atha_Col-0_root_FLT_Alight_Rep3_GSM2493779,Atha_Col-0_root_FLT_Alight_Rep3_GSM2493779_Day06,Not Available,Space Flight,Col-0,Wild Type,Plant Roots,ambient light,ISS-Columbus,0.5x Murashige and Skoog media supplemented with 1% sucrose and 1% agar,Light Treatment,-80 degree Celsius,6 day,RNALater,,
GLDS-120,Atha_Col-0_root_FLT_Alight_Rep3_GSM2493779,Atha_Col-0_root_FLT_Alight_Rep3_GSM2493779_Day09,Not Available,Space Flight,Col-0,Wild Type,Plant Roots,ambient light,ISS-Columbus,0.5x Murashige and Skoog media supplemented with 1% sucrose and 1% agar,Light Treatment,-80 degree Celsius,9 day,RNALater,,
GLDS-120,Atha_Col-0_root_FLT_Alight_Rep3_GSM2493779,Atha_Col-0_root_FLT_Alight_Rep3_GSM2493779_Day13,Not Available,Space Flight,Col-0,Wild Type,Plant Roots,ambient light,ISS-Columbus,0.5x Murashige and Skoog media supplemented with 1% sucrose and 1% agar,Light Treatment,-80 degree Celsius,13 day,RNALater,,
GLDS-120,Atha_Ws_root_FLT_Alight_Rep1_GSM2493780,Atha_Ws_root_FLT_Alight_Rep1_GSM2493780_Day13,Not Available,Space Flight,Wassilewskija ecotype,Wild Type,Plant Roots,ambient light,ISS-Columbus,0.5x Murashige and Skoog media supplemented with 1% sucrose and 1% agar,Light Treatment,-80 degree Celsius,13 day,RNALater,,
GLDS-120,Atha_Ws_root_FLT_Alight_Rep1_GSM2493780,Atha_Ws_root_FLT_Alight_Rep1_GSM2493780_Day03,Not Available,Space Flight,Wassilewskija ecotype,Wild Type,Plant Roots,ambient light,ISS-Columbus,0.5x Murashige and Skoog media supplemented with 1% sucrose and 1% agar,Light Treatment,-80 degree Celsius,3 day,RNALater,,
GLDS-120,Atha_Ws_root_FLT_Alight_Rep1_GSM2493780,Atha_Ws_root_FLT_Alight_Rep1_GSM2493780_Day06,Not Available,Space Flight,Wassilewskija ecotype,Wild Type,Plant Roots,ambient light,ISS-Columbus,0.5x Murashige and Skoog media supplemented with 1% sucrose and 1% agar,Light Treatment,-80 degree Celsius,6 day,RNALater,,
GLDS-120,Atha_Ws_root_FLT_Alight_Rep1_GSM2493780,Atha_Ws_root_FLT_Alight_Rep1_GSM2493780_Day09,Not Available,Space Flight,Wassilewskija ecotype,Wild Type,Plant Roots,ambient light,ISS-Columbus,0.5x Murashige and Skoog media supplemented with 1% sucrose and 1% agar,Light Treatment,-80 degree Celsius,9 day,RNALater,,
GLDS-120,Atha_Ws_root_FLT_Alight_Rep2_GSM2493781,Atha_Ws_root_FLT_Alight_Rep2_GSM2493781_Day03,Not Available,Space Flight,Wassilewskija ecotype,Wild Type,Plant Roots,ambient light,ISS-Columbus,0.5x Murashige and Skoog media supplemented with 1% sucrose and 1% agar,Light Treatment,-80 degree Celsius,3 day,RNALater,,
GLDS-120,Atha_Ws_root_FLT_Alight_Rep2_GSM2493781,Atha_Ws_root_FLT_Alight_Rep2_GSM2493781_Day06,Not Available,Space Flight,Wassilewskija ecotype,Wild Type,Plant Roots,ambient light,ISS-Columbus,0.5x Murashige and Skoog media supplemented with 1% sucrose and 1% agar,Light Treatment,-80 degree Celsius,6 day,RNALater,,
GLDS-120,Atha_Ws_root_FLT_Alight_Rep2_GSM2493781,Atha_Ws_root_FLT_Alight_Rep2_GSM2493781_Day09,Not Available,Space Flight,Wassilewskija ecotype,Wild Type,Plant Roots,ambient light,ISS-Columbus,0.5x Murashige and Skoog media supplemented with 1% sucrose and 1% agar,Light Treatment,-80 degree Celsius,9 day,RNALater,,
GLDS-120,Atha_Ws_root_FLT_Alight_Rep2_GSM2493781,Atha_Ws_root_FLT_Alight_Rep2_GSM2493781_Day13,Not Available,Space Flight,Wassilewskija ecotype,Wild Type,Plant Roots,ambient light,ISS-Columbus,0.5x Murashige and Skoog media supplemented with 1% sucrose and 1% agar,Light Treatment,-80 degree Celsius,13 day,RNALater,,
GLDS-120,Atha_Ws_root_FLT_Alight_Rep3_GSM2493782,Atha_Ws_root_FLT_Alight_Rep3_GSM2493782_Day03,Not Available,Space Flight,Wassilewskija ecotype,Wild Type,Plant Roots,ambient light,ISS-Columbus,0.5x Murashige and Skoog media supplemented with 1% sucrose and 1% agar,Light Treatment,-80 degree Celsius,3 day,RNALater,,
GLDS-120,Atha_Ws_root_FLT_Alight_Rep3_GSM2493782,Atha_Ws_root_FLT_Alight_Rep3_GSM2493782_Day06,Not Available,Space Flight,Wassilewskija ecotype,Wild Type,Plant Roots,ambient light,ISS-Columbus,0.5x Murashige and Skoog media supplemented with 1% sucrose and 1% agar,Light Treatment,-80 degree Celsius,6 day,RNALater,,
GLDS-120,Atha_Ws_root_FLT_Alight_Rep3_GSM2493782,Atha_Ws_root_FLT_Alight_Rep3_GSM2493782_Day09,Not Available,Space Flight,Wassilewskija ecotype,Wild Type,Plant Roots,ambient light,ISS-Columbus,0.5x Murashige and Skoog media supplemented with 1% sucrose and 1% agar,Light Treatment,-80 degree Celsius,9 day,RNALater,,
GLDS-120,Atha_Ws_root_FLT_Alight_Rep3_GSM2493782,Atha_Ws_root_FLT_Alight_Rep3_GSM2493782_Day13,Not Available,Space Flight,Wassilewskija ecotype,Wild Type,Plant Roots,ambient light,ISS-Columbus,0.5x Murashige and Skoog media supplemented with 1% sucrose and 1% agar,Light Treatment,-80 degree Celsius,13 day,RNALater,,
GLDS-120,Atha_Col-0-PhyD_root_FLT_Alight_Rep1_GSM2493783,Atha_Col-0-PhyD_root_FLT_Alight_Rep1_GSM2493783_Day06,Arabidopsis Biological Resource Center SALK_027956C,Space Flight,Col-0 PhyD,Wild Type,Plant Roots,ambient light,ISS-Columbus,0.5x Murashige and Skoog media supplemented with 1% sucrose and 1% agar,Light Treatment,-80 degree Celsius,6 day,RNALater,,
GLDS-120,Atha_Col-0-PhyD_root_FLT_Alight_Rep1_GSM2493783,Atha_Col-0-PhyD_root_FLT_Alight_Rep1_GSM2493783_Day09,Arabidopsis Biological Resource Center SALK_027956C,Space Flight,Col-0 PhyD,Wild Type,Plant Roots,ambient light,ISS-Columbus,0.5x Murashige and Skoog media supplemented with 1% sucrose and 1% agar,Light Treatment,-80 degree Celsius,9 day,RNALater,,
GLDS-120,Atha_Col-0-PhyD_root_FLT_Alight_Rep1_GSM2493783,Atha_Col-0-PhyD_root_FLT_Alight_Rep1_GSM2493783_Day13,Arabidopsis Biological Resource Center SALK_027956C,Space Flight,Col-0 PhyD,Wild Type,Plant Roots,ambient light,ISS-Columbus,0.5x Murashige and Skoog media supplemented with 1% sucrose and 1% agar,Light Treatment,-80 degree Celsius,13 day,RNALater,,
GLDS-120,Atha_Col-0-PhyD_root_FLT_Alight_Rep1_GSM2493783,Atha_Col-0-PhyD_root_FLT_Alight_Rep1_GSM2493783_Day03,Arabidopsis Biological Resource Center SALK_027956C,Space Flight,Col-0 PhyD,Wild Type,Plant Roots,ambient light,ISS-Columbus,0.5x Murashige and Skoog media supplemented with 1% sucrose and 1% agar,Light Treatment,-80 degree Celsius,3 day,RNALater,,
GLDS-120,Atha_Col-0-PhyD_root_FLT_Alight_Rep2_GSM2493784,Atha_Col-0-PhyD_root_FLT_Alight_Rep2_GSM2493784_Day13,Arabidopsis Biological Resource Center SALK_027956C,Space Flight,Col-0 PhyD,Wild Type,Plant Roots,ambient light,ISS-Columbus,0.5x Murashige and Skoog media supplemented with 1% sucrose and 1% agar,Light Treatment,-80 degree Celsius,13 day,RNALater,,
GLDS-120,Atha_Col-0-PhyD_root_FLT_Alight_Rep2_GSM2493784,Atha_Col-0-PhyD_root_FLT_Alight_Rep2_GSM2493784_Day03,Arabidopsis Biological Resource Center SALK_027956C,Space Flight,Col-0 PhyD,Wild Type,Plant Roots,ambient light,ISS-Columbus,0.5x Murashige and Skoog media supplemented with 1% sucrose and 1% agar,Light Treatment,-80 degree Celsius,3 day,RNALater,,
GLDS-120,Atha_Col-0-PhyD_root_FLT_Alight_Rep2_GSM2493784,Atha_Col-0-PhyD_root_FLT_Alight_Rep2_GSM2493784_Day06,Arabidopsis Biological Resource Center SALK_027956C,Space Flight,Col-0 PhyD,Wild Type,Plant Roots,ambient light,ISS-Columbus,0.5x Murashige and Skoog media supplemented with 1% sucrose and 1% agar,Light Treatment,-80 degree Celsius,6 day,RNALater,,
GLDS-120,Atha_Col-0-PhyD_root_FLT_Alight_Rep2_GSM2493784,Atha_Col-0-PhyD_root_FLT_Alight_Rep2_GSM2493784_Day09,Arabidopsis Biological Resource Center SALK_027956C,Space Flight,Col-0 PhyD,Wild Type,Plant Roots,ambient light,ISS-Columbus,0.5x Murashige and Skoog media supplemented with 1% sucrose and 1% agar,Light Treatment,-80 degree Celsius,9 day,RNALater,,
GLDS-120,Atha_Col-0-PhyD_root_FLT_Alight_Rep3_GSM2493785,Atha_Col-0-PhyD_root_FLT_Alight_Rep3_GSM2493785_Day03,Arabidopsis Biological Resource Center SALK_027956C,Space Flight,Col-0 PhyD,Wild Type,Plant Roots,ambient light,ISS-Columbus,0.5x Murashige and Skoog media supplemented with 1% sucrose and 1% agar,Light Treatment,-80 degree Celsius,3 day,RNALater,,
GLDS-120,Atha_Col-0-PhyD_root_FLT_Alight_Rep3_GSM2493785,Atha_Col-0-PhyD_root_FLT_Alight_Rep3_GSM2493785_Day06,Arabidopsis Biological Resource Center SALK_027956C,Space Flight,Col-0 PhyD,Wild Type,Plant Roots,ambient light,ISS-Columbus,0.5x Murashige and Skoog media supplemented with 1% sucrose and 1% agar,Light Treatment,-80 degree Celsius,6 day,RNALater,,
GLDS-120,Atha_Col-0-PhyD_root_FLT_Alight_Rep3_GSM2493785,Atha_Col-0-PhyD_root_FLT_Alight_Rep3_GSM2493785_Day13,Arabidopsis Biological Resource Center SALK_027956C,Space Flight,Col-0 PhyD,Wild Type,Plant Roots,ambient light,ISS-Columbus,0.5x Murashige and Skoog media supplemented with 1% sucrose and 1% agar,Light Treatment,-80 degree Celsius,13 day,RNALater,,
GLDS-120,Atha_Col-0_root_FLT_dark_Rep1_GSM2493786,Atha_Col-0_root_FLT_dark_Rep1_GSM2493786_Day13,Not Available,Space Flight,Col-0,Wild Type,Plant Roots,Not Applicable,ISS-Columbus,0.5x Murashige and Skoog media supplemented with 1% sucrose and 1% agar,Dark Treatment,-80 degree Celsius,13 day,RNALater,,
GLDS-120,Atha_Col-0_root_FLT_dark_Rep2_GSM2493787,Atha_Col-0_root_FLT_dark_Rep2_GSM2493787_Day13,Not Available,Space Flight,Col-0,Wild Type,Plant Roots,Not Applicable,ISS-Columbus,0.5x Murashige and Skoog media supplemented with 1% sucrose and 1% agar,Dark Treatment,-80 degree Celsius,13 day,RNALater,,
GLDS-120,Atha_Col-0_root_FLT_dark_Rep3_GSM2493788,Atha_Col-0_root_FLT_dark_Rep3_GSM2493788_Day13,Not Available,Space Flight,Col-0,Wild Type,Plant Roots,Not Applicable,ISS-Columbus,0.5x Murashige and Skoog media supplemented with 1% sucrose and 1% agar,Dark Treatment,-80 degree Celsius,13 day,RNALater,,
GLDS-120,Atha_Ws_root_FLT_dark_Rep1_GSM2493789,Atha_Ws_root_FLT_dark_Rep1_GSM2493789_Day13,Not Available,Space Flight,Wassilewskija ecotype,Wild Type,Plant Roots,Not Applicable,ISS-Columbus,0.5x Murashige and Skoog media supplemented with 1% sucrose and 1% agar,Dark Treatment,-80 degree Celsius,13 day,RNALater,,
GLDS-120,Atha_Ws_root_FLT_dark_Rep2_GSM2493790,Atha_Ws_root_FLT_dark_Rep2_GSM2493790_Day13,Not Available,Space Flight,Wassilewskija ecotype,Wild Type,Plant Roots,Not Applicable,ISS-Columbus,0.5x Murashige and Skoog media supplemented with 1% sucrose and 1% agar,Dark Treatment,-80 degree Celsius,13 day,RNALater,,
GLDS-120,Atha_Ws_root_FLT_dark_Rep3_GSM2493791,Atha_Ws_root_FLT_dark_Rep3_GSM2493791_Day13,Not Available,Space Flight,Wassilewskija ecotype,Wild Type,Plant Roots,Not Applicable,ISS-Columbus,0.5x Murashige and Skoog media supplemented with 1% sucrose and 1% agar,Dark Treatment,-80 degree Celsius,13 day,RNALater,,
GLDS-120,Atha_Col-0-PhyD_root_FLT_dark_Rep1_GSM2493792,Atha_Col-0-PhyD_root_FLT_dark_Rep1_GSM2493792_Day13,Arabidopsis Biological Resource Center SALK_027956C,Space Flight,Col-0 PhyD,Col-0 PhyD,Plant Roots,Not Applicable,ISS-Columbus,0.5x Murashige and Skoog media supplemented with 1% sucrose and 1% agar,Dark Treatment,-80 degree Celsius,13 day,RNALater,,
GLDS-120,Atha_Col-0-PhyD_root_FLT_dark_Rep2_GSM2493793,Atha_Col-0-PhyD_root_FLT_dark_Rep2_GSM2493793_Day13,Arabidopsis Biological Resource Center SALK_027956C,Space Flight,Col-0 PhyD,Col-0 PhyD,Plant Roots,Not Applicable,ISS-Columbus,0.5x Murashige and Skoog media supplemented with 1% sucrose and 1% agar,Dark Treatment,-80 degree Celsius,13 day,RNALater,,
GLDS-120,Atha_Col-0-PhyD_root_FLT_dark_Rep3_GSM2493794,Atha_Col-0-PhyD_root_FLT_dark_Rep3_GSM2493794_Day13,Arabidopsis Biological Resource Center SALK_027956C,Space Flight,Col-0 PhyD,Col-0 PhyD,Plant Roots,Not Applicable,ISS-Columbus,0.5x Murashige and Skoog media supplemented with 1% sucrose and 1% agar,Dark Treatment,-80 degree Celsius,13 day,RNALater,,
GLDS-120,Atha_Col-0_root_GC_Alight_Rep3_GSM2493761,Atha_Col-0_root_GC_Alight_Rep3_GSM2493761_Day13,Not Available,Ground Control,Col-0,Wild Type,Plant Roots,ambient light,Earth surface,0.5x Murashige and Skoog media supplemented with 1% sucrose and 1% agar,Light Treatment,-80 degree Celsius,13 day,RNALater,,
GLDS-217,GSM2517002,GSM2517002,ABRC stock CS915 (www.arabidopsis.org),Ground Control,Wassilewskija ecotype,Wild Type,root,Vegetable Production System (VEGGIE),ISS Environmental Simulator,0.5x Murashige and Skoog media supplemented with 1% sucrose and 1% agar,100-135 micromoles/m^2/s_LED,-80 degree Celsius,11 day,RNAlater,"Ground Control, Root Rep. 1 [BS]",
GLDS-217,GSM2517003,GSM2517003,ABRC stock CS915 (www.arabidopsis.org),Ground Control,Wassilewskija ecotype,Wild Type,root,Vegetable Production System (VEGGIE),ISS Environmental Simulator,0.5x Murashige and Skoog media supplemented with 1% sucrose and 1% agar,100-135 micromoles/m^2/s_LED,-80 degree Celsius,11 day,RNAlater,"Ground Control, Root Rep. 2 [BS]",
GLDS-217,GSM2517004,GSM2517004,ABRC stock CS915 (www.arabidopsis.org),Ground Control,Wassilewskija ecotype,Wild Type,root,Vegetable Production System (VEGGIE),ISS Environmental Simulator,0.5x Murashige and Skoog media supplemented with 1% sucrose and 1% agar,100-135 micromoles/m^2/s_LED,-80 degree Celsius,11 day,RNAlater,"Ground Control, Root Rep. 3 [BS]",
GLDS-217,GSM2517005,GSM2517005,ABRC stock CS915 (www.arabidopsis.org),Space Flight,Wassilewskija ecotype,Wild Type,root,Vegetable Production System (VEGGIE),ISS,0.5x Murashige and Skoog media supplemented with 1% sucrose and 1% agar,100-135 micromoles/m^2/s_LED,-80 degree Celsius,11 day,RNAlater,"Spaceflight, Root Rep. 1 [BS]",
GLDS-217,GSM2517006,GSM2517006,ABRC stock CS915 (www.arabidopsis.org),Space Flight,Wassilewskija ecotype,Wild Type,root,Vegetable Production System (VEGGIE),ISS,0.5x Murashige and Skoog media supplemented with 1% sucrose and 1% agar,100-135 micromoles/m^2/s_LED,-80 degree Celsius,11 day,RNAlater,"Spaceflight, Root Rep. 2 [BS]",
GLDS-217,GSM2517007,GSM2517007,ABRC stock CS915 (www.arabidopsis.org),Space Flight,Wassilewskija ecotype,Wild Type,root,Vegetable Production System (VEGGIE),ISS,0.5x Murashige and Skoog media supplemented with 1% sucrose and 1% agar,100-135 micromoles/m^2/s_LED,-80 degree Celsius,11 day,RNAlater,"Spaceflight, Root Rep. 3 [BS]",
GLDS-217,GSM2517008,GSM2517008,ABRC stock CS915 (www.arabidopsis.org),Ground Control,Wassilewskija ecotype,Wild Type,leaf,Vegetable Production System (VEGGIE),ISS Environmental Simulator,0.5x Murashige and Skoog media supplemented with 1% sucrose and 1% agar,100-135 micromoles/m^2/s_LED,-80 degree Celsius,11 day,RNAlater,"Ground Control, Leaf Rep. 1 [BS]",
GLDS-217,GSM2517009,GSM2517009,ABRC stock CS915 (www.arabidopsis.org),Ground Control,Wassilewskija ecotype,Wild Type,leaf,Vegetable Production System (VEGGIE),ISS Environmental Simulator,0.5x Murashige and Skoog media supplemented with 1% sucrose and 1% agar,100-135 micromoles/m^2/s_LED,-80 degree Celsius,11 day,RNAlater,"Ground Control, Leaf Rep. 2 [BS]",
GLDS-217,GSM2517010,GSM2517010,ABRC stock CS915 (www.arabidopsis.org),Ground Control,Wassilewskija ecotype,Wild Type,leaf,Vegetable Production System (VEGGIE),ISS Environmental Simulator,0.5x Murashige and Skoog media supplemented with 1% sucrose and 1% agar,100-135 micromoles/m^2/s_LED,-80 degree Celsius,11 day,RNAlater,"Ground Control, Leaf Rep. 3 [BS]",
GLDS-217,GSM2517011,GSM2517011,ABRC stock CS915 (www.arabidopsis.org),Space Flight,Wassilewskija ecotype,Wild Type,leaf,Vegetable Production System (VEGGIE),ISS,0.5x Murashige and Skoog media supplemented with 1% sucrose and 1% agar,100-135 micromoles/m^2/s_LED,-80 degree Celsius,11 day,RNAlater,"Spaceflight, Leaf Rep. 1 [BS]",
GLDS-217,GSM2517012,GSM2517012,ABRC stock CS915 (www.arabidopsis.org),Space Flight,Wassilewskija ecotype,Wild Type,leaf,Vegetable Production System (VEGGIE),ISS,0.5x Murashige and Skoog media supplemented with 1% sucrose and 1% agar,100-135 micromoles/m^2/s_LED,-80 degree Celsius,11 day,RNAlater,"Spaceflight, Leaf Rep. 2 [BS]",
GLDS-217,GSM2517013,GSM2517013,ABRC stock CS915 (www.arabidopsis.org),Space Flight,Wassilewskija ecotype,Wild Type,leaf,Vegetable Production System (VEGGIE),ISS,0.5x Murashige and Skoog media supplemented with 1% sucrose and 1% agar,100-135 micromoles/m^2/s_LED,-80 degree Celsius,11 day,RNAlater,"Spaceflight, Leaf Rep. 3 [BS]",
GLDS-217,Atha_Ws_root_GC_Rep1,Atha_Ws_root_GC_Rep1,ABRC stock CS915 (www.arabidopsis.org),Ground Control,Wassilewskija ecotype,Wild Type,root,Vegetable Production System (VEGGIE),ISS Environmental Simulator,0.5x Murashige and Skoog media supplemented with 1% sucrose and 1% agar,100-135 micromoles/m^2/s_LED,-80 degree Celsius,11 day,RNAlater,"Ground Control, Root Rep. 1",
GLDS-217,Atha_Ws_root_GC_Rep2,Atha_Ws_root_GC_Rep2,ABRC stock CS915 (www.arabidopsis.org),Ground Control,Wassilewskija ecotype,Wild Type,root,Vegetable Production System (VEGGIE),ISS Environmental Simulator,0.5x Murashige and Skoog media supplemented with 1% sucrose and 1% agar,100-135 micromoles/m^2/s_LED,-80 degree Celsius,11 day,RNAlater,"Ground Control, Root Rep. 2",
GLDS-217,Atha_Ws_root_GC_Rep3,Atha_Ws_root_GC_Rep3,ABRC stock CS915 (www.arabidopsis.org),Ground Control,Wassilewskija ecotype,Wild Type,root,Vegetable Production System (VEGGIE),ISS Environmental Simulator,0.5x Murashige and Skoog media supplemented with 1% sucrose and 1% agar,100-135 micromoles/m^2/s_LED,-80 degree Celsius,11 day,RNAlater,"Ground Control, Root Rep. 3",
GLDS-217,Atha_Ws_root_FLT_Rep1,Atha_Ws_root_FLT_Rep1,ABRC stock CS915 (www.arabidopsis.org),Space Flight,Wassilewskija ecotype,Wild Type,root,Vegetable Production System (VEGGIE),ISS,0.5x Murashige and Skoog media supplemented with 1% sucrose and 1% agar,100-135 micromoles/m^2/s_LED,-80 degree Celsius,11 day,RNAlater,"Spaceflight, Root Rep. 1",
GLDS-217,Atha_Ws_root_FLT_Rep2,Atha_Ws_root_FLT_Rep2,ABRC stock CS915 (www.arabidopsis.org),Space Flight,Wassilewskija ecotype,Wild Type,root,Vegetable Production System (VEGGIE),ISS,0.5x Murashige and Skoog media supplemented with 1% sucrose and 1% agar,100-135 micromoles/m^2/s_LED,-80 degree Celsius,11 day,RNAlater,"Spaceflight, Root Rep. 2",
GLDS-217,Atha_Ws_root_FLT_Rep3,Atha_Ws_root_FLT_Rep3,ABRC stock CS915 (www.arabidopsis.org),Space Flight,Wassilewskija ecotype,Wild Type,root,Vegetable Production System (VEGGIE),ISS,0.5x Murashige and Skoog media supplemented with 1% sucrose and 1% agar,100-135 micromoles/m^2/s_LED,-80 degree Celsius,11 day,RNAlater,"Spaceflight, Root Rep. 3",
GLDS-217,Atha_Ws_leaf_GC_Rep1,Atha_Ws_leaf_GC_Rep1,ABRC stock CS915 (www.arabidopsis.org),Ground Control,Wassilewskija ecotype,Wild Type,leaf,Vegetable Production System (VEGGIE),ISS Environmental Simulator,0.5x Murashige and Skoog media supplemented with 1% sucrose and 1% agar,100-135 micromoles/m^2/s_LED,-80 degree Celsius,11 day,RNAlater,"Ground Control, Leaf Rep. 1",
GLDS-217,Atha_Ws_leaf_GC_Rep2,Atha_Ws_leaf_GC_Rep2,ABRC stock CS915 (www.arabidopsis.org),Ground Control,Wassilewskija ecotype,Wild Type,leaf,Vegetable Production System (VEGGIE),ISS Environmental Simulator,0.5x Murashige and Skoog media supplemented with 1% sucrose and 1% agar,100-135 micromoles/m^2/s_LED,-80 degree Celsius,11 day,RNAlater,"Ground Control, Leaf Rep. 2",
GLDS-217,Atha_Ws_leaf_GC_Rep3,Atha_Ws_leaf_GC_Rep3,ABRC stock CS915 (www.arabidopsis.org),Ground Control,Wassilewskija ecotype,Wild Type,leaf,Vegetable Production System (VEGGIE),ISS Environmental Simulator,0.5x Murashige and Skoog media supplemented with 1% sucrose and 1% agar,100-135 micromoles/m^2/s_LED,-80 degree Celsius,11 day,RNAlater,"Ground Control, Leaf Rep. 3",
GLDS-217,Atha_Ws_leaf_FLT_Rep1,Atha_Ws_leaf_FLT_Rep1,ABRC stock CS915 (www.arabidopsis.org),Space Flight,Wassilewskija ecotype,Wild Type,leaf,Vegetable Production System (VEGGIE),ISS,0.5x Murashige and Skoog media supplemented with 1% sucrose and 1% agar,100-135 micromoles/m^2/s_LED,-80 degree Celsius,11 day,RNAlater,"Spaceflight, Leaf Rep. 1",
GLDS-217,Atha_Ws_leaf_FLT_Rep2,Atha_Ws_leaf_FLT_Rep2,ABRC stock CS915 (www.arabidopsis.org),Space Flight,Wassilewskija ecotype,Wild Type,leaf,Vegetable Production System (VEGGIE),ISS,0.5x Murashige and Skoog media supplemented with 1% sucrose and 1% agar,100-135 micromoles/m^2/s_LED,-80 degree Celsius,11 day,RNAlater,"Spaceflight, Leaf Rep. 2",
GLDS-217,Atha_Ws_leaf_FLT_Rep3,Atha_Ws_leaf_FLT_Rep3,ABRC stock CS915 (www.arabidopsis.org),Space Flight,Wassilewskija ecotype,Wild Type,leaf,Vegetable Production System (VEGGIE),ISS,0.5x Murashige and Skoog media supplemented with 1% sucrose and 1% agar,100-135 micromoles/m^2/s_LED,-80 degree Celsius,11 day,RNAlater,"Spaceflight, Leaf Rep. 3",
GLDS-321,GSM4486031,28_FA5_S36_L004_R1_001 (bzip28F_1),Not Available,Space Flight,Col-0,bzip28-2,Seedlings,BRIC-PDFU,ISS-US Laboratory,"1/2 Murashige and Skoog media supplemented with Gamborgs B5 Vitamins (PhytoTechnology Laboratories), 0.5% sucrose (Sigma-Aldrich), 0.4% Phytagel (Sigma-Aldrich), pH adjusted to 5.7",Dark Treatment,-80 degree Celsius,14 day,RNALater,bzip28-2_Space flight_whole seedlings,
GLDS-321,GSM4486032,28_FB1_S10_L001_R1_001 (bzip28F_2),Not Available,Space Flight,Col-0,bzip28-2,Seedlings,BRIC-PDFU,ISS-US Laboratory,"1/2 Murashige and Skoog media supplemented with Gamborgs B5 Vitamins (PhytoTechnology Laboratories), 0.5% sucrose (Sigma-Aldrich), 0.4% Phytagel (Sigma-Aldrich), pH adjusted to 5.7",Dark Treatment,-80 degree Celsius,14 day,RNALater,bzip28-2_Space flight_whole seedlings,
GLDS-321,GSM4486033,28_FC5_S21_L002_R1_001 (bzip28F_3),Not Available,Space Flight,Col-0,bzip28-2,Seedlings,BRIC-PDFU,ISS-US Laboratory,"1/2 Murashige and Skoog media supplemented with Gamborgs B5 Vitamins (PhytoTechnology Laboratories), 0.5% sucrose (Sigma-Aldrich), 0.4% Phytagel (Sigma-Aldrich), pH adjusted to 5.7",Dark Treatment,-80 degree Celsius,14 day,RNALater,bzip28-2_Space flight_whole seedlings,
GLDS-321,GSM4486034,28_FD5_S17_L002_R1_001 (bzip28F_4),Not Available,Space Flight,Col-0,bzip28-2,Seedlings,BRIC-PDFU,ISS-US Laboratory,"1/2 Murashige and Skoog media supplemented with Gamborgs B5 Vitamins (PhytoTechnology Laboratories), 0.5% sucrose (Sigma-Aldrich), 0.4% Phytagel (Sigma-Aldrich), pH adjusted to 5.7",Dark Treatment,-80 degree Celsius,14 day,RNALater,bzip28-2_Space flight_whole seedlings,
GLDS-321,GSM4486035,28_GA5_S43_L004_R1_001 (bzip28G_1),Not Available,Ground Control,Col-0,bzip28-2,Seedlings,BRIC-PDFU,ISS Environmental Simulator,"1/2 Murashige and Skoog media supplemented with Gamborgs B5 Vitamins (PhytoTechnology Laboratories), 0.5% sucrose (Sigma-Aldrich), 0.4% Phytagel (Sigma-Aldrich), pH adjusted to 5.7",Dark Treatment,-80 degree Celsius,14 day,RNALater,bzip28-2_Ground_whole seedlings,
GLDS-321,GSM4486036,28_GB1_S35_L004_R1_001 (bzip28G_2),Not Available,Ground Control,Col-0,bzip28-2,Seedlings,BRIC-PDFU,ISS Environmental Simulator,"1/2 Murashige and Skoog media supplemented with Gamborgs B5 Vitamins (PhytoTechnology Laboratories), 0.5% sucrose (Sigma-Aldrich), 0.4% Phytagel (Sigma-Aldrich), pH adjusted to 5.7",Dark Treatment,-80 degree Celsius,14 day,RNALater,bzip28-2_Ground_whole seedlings,
GLDS-321,GSM4486037,28_GC5_S30_L003_R1_001 (bzip28G_3),Not Available,Ground Control,Col-0,bzip28-2,Seedlings,BRIC-PDFU,ISS Environmental Simulator,"1/2 Murashige and Skoog media supplemented with Gamborgs B5 Vitamins (PhytoTechnology Laboratories), 0.5% sucrose (Sigma-Aldrich), 0.4% Phytagel (Sigma-Aldrich), pH adjusted to 5.7",Dark Treatment,-80 degree Celsius,14 day,RNALater,bzip28-2_Ground_whole seedlings,
GLDS-321,GSM4486038,28_GD5_S27_L003_R1_001 (bzip28G_4),Not Available,Ground Control,Col-0,bzip28-2,Seedlings,BRIC-PDFU,ISS Environmental Simulator,"1/2 Murashige and Skoog media supplemented with Gamborgs B5 Vitamins (PhytoTechnology Laboratories), 0.5% sucrose (Sigma-Aldrich), 0.4% Phytagel (Sigma-Aldrich), pH adjusted to 5.7",Dark Treatment,-80 degree Celsius,14 day,RNALater,bzip28-2_Ground_whole seedlings,
GLDS-321,GSM4486039,60_FA2_S3_L001_R1_001 (bzip60F_1),Not Available,Space Flight,Col-0,bzip60-2,Seedlings,BRIC-PDFU,ISS-US Laboratory,"1/2 Murashige and Skoog media supplemented with Gamborgs B5 Vitamins (PhytoTechnology Laboratories), 0.5% sucrose (Sigma-Aldrich), 0.4% Phytagel (Sigma-Aldrich), pH adjusted to 5.7",Dark Treatment,-80 degree Celsius,14 day,RNALater,bzip60-2_Space flight_whole seedlings,
GLDS-321,GSM4486040,60_FB3_S2_L001_R1_001 (bzip60F_2),Not Available,Space Flight,Col-0,bzip60-2,Seedlings,BRIC-PDFU,ISS-US Laboratory,"1/2 Murashige and Skoog media supplemented with Gamborgs B5 Vitamins (PhytoTechnology Laboratories), 0.5% sucrose (Sigma-Aldrich), 0.4% Phytagel (Sigma-Aldrich), pH adjusted to 5.7",Dark Treatment,-80 degree Celsius,14 day,RNALater,bzip60-2_Space flight_whole seedlings,
GLDS-321,GSM4486041,60_FC1_S7_L001_R1_001 (bzip60F_3),Not Available,Space Flight,Col-0,bzip60-2,Seedlings,BRIC-PDFU,ISS-US Laboratory,"1/2 Murashige and Skoog media supplemented with Gamborgs B5 Vitamins (PhytoTechnology Laboratories), 0.5% sucrose (Sigma-Aldrich), 0.4% Phytagel (Sigma-Aldrich), pH adjusted to 5.7",Dark Treatment,-80 degree Celsius,14 day,RNALater,bzip60-2_Space flight_whole seedlings,
GLDS-321,GSM4486042,60_FD2_S14_L002_R1_001 (bzip60F_4),Not Available,Space Flight,Col-0,bzip60-2,Seedlings,BRIC-PDFU,ISS-US Laboratory,"1/2 Murashige and Skoog media supplemented with Gamborgs B5 Vitamins (PhytoTechnology Laboratories), 0.5% sucrose (Sigma-Aldrich), 0.4% Phytagel (Sigma-Aldrich), pH adjusted to 5.7",Dark Treatment,-80 degree Celsius,14 day,RNALater,bzip60-2_Space flight_whole seedlings,
GLDS-321,GSM4486043,60_GA2_S22_L002_R1_001 (bzip60G_1),Not Available,Ground Control,Col-0,bzip60-2,Seedlings,BRIC-PDFU,ISS Environmental Simulator,"1/2 Murashige and Skoog media supplemented with Gamborgs B5 Vitamins (PhytoTechnology Laboratories), 0.5% sucrose (Sigma-Aldrich), 0.4% Phytagel (Sigma-Aldrich), pH adjusted to 5.7",Dark Treatment,-80 degree Celsius,14 day,RNALater,bzip60-2_Ground_whole seedlings,
GLDS-321,GSM4486044,60_GB3_S20_L002_R1_001 (bzip60G_2),Not Available,Ground Control,Col-0,bzip60-2,Seedlings,BRIC-PDFU,ISS Environmental Simulator,"1/2 Murashige and Skoog media supplemented with Gamborgs B5 Vitamins (PhytoTechnology Laboratories), 0.5% sucrose (Sigma-Aldrich), 0.4% Phytagel (Sigma-Aldrich), pH adjusted to 5.7",Dark Treatment,-80 degree Celsius,14 day,RNALater,bzip60-2_Ground_whole seedlings,
GLDS-321,GSM4486045,60_GC1_S25_L003_R1_001 (bzip60G_3),Not Available,Ground Control,Col-0,bzip60-2,Seedlings,BRIC-PDFU,ISS Environmental Simulator,"1/2 Murashige and Skoog media supplemented with Gamborgs B5 Vitamins (PhytoTechnology Laboratories), 0.5% sucrose (Sigma-Aldrich), 0.4% Phytagel (Sigma-Aldrich), pH adjusted to 5.7",Dark Treatment,-80 degree Celsius,14 day,RNALater,bzip60-2_Ground_whole seedlings,
GLDS-321,GSM4486046,60_GD2_S33_L003_R1_001 (bzip60G_4),Not Available,Ground Control,Col-0,bzip60-2,Seedlings,BRIC-PDFU,ISS Environmental Simulator,"1/2 Murashige and Skoog media supplemented with Gamborgs B5 Vitamins (PhytoTechnology Laboratories), 0.5% sucrose (Sigma-Aldrich), 0.4% Phytagel (Sigma-Aldrich), pH adjusted to 5.7",Dark Treatment,-80 degree Celsius,14 day,RNALater,bzip60-2_Ground_whole seedlings,
GLDS-321,GSM4486047,68_FA3_S5_L001_R1_001 (bzip28 bzip60F_1),Not Available,Space Flight,Col-0,bzip28-2 bzip60-1,Seedlings,BRIC-PDFU,ISS-US Laboratory,"1/2 Murashige and Skoog media supplemented with Gamborgs B5 Vitamins (PhytoTechnology Laboratories), 0.5% sucrose (Sigma-Aldrich), 0.4% Phytagel (Sigma-Aldrich), pH adjusted to 5.7",Dark Treatment,-80 degree Celsius,14 day,RNALater,bzip28-2 bzip60-1_Space flight_whole seedlings,
GLDS-321,GSM4486048,68_FA4_S34_L004_R1_001 (bzip28 bzip60F_2),Not Available,Space Flight,Col-0,bzip28-2 bzip60-1,Seedlings,BRIC-PDFU,ISS-US Laboratory,"1/2 Murashige and Skoog media supplemented with Gamborgs B5 Vitamins (PhytoTechnology Laboratories), 0.5% sucrose (Sigma-Aldrich), 0.4% Phytagel (Sigma-Aldrich), pH adjusted to 5.7",Dark Treatment,-80 degree Celsius,14 day,RNALater,bzip28-2 bzip60-1_Space flight_whole seedlings,
GLDS-321,GSM4486049,68_FB4_S4_L001_R1_001 (bzip28 bzip60F_3),Not Available,Space Flight,Col-0,bzip28-2 bzip60-1,Seedlings,BRIC-PDFU,ISS-US Laboratory,"1/2 Murashige and Skoog media supplemented with Gamborgs B5 Vitamins (PhytoTechnology Laboratories), 0.5% sucrose (Sigma-Aldrich), 0.4% Phytagel (Sigma-Aldrich), pH adjusted to 5.7",Dark Treatment,-80 degree Celsius,14 day,RNALater,bzip28-2 bzip60-1_Space flight_whole seedlings,
GLDS-321,GSM4486050,68_FC2_S8_L001_R1_001 (bzip28 bzip60F_4),Not Available,Space Flight,Col-0,bzip28-2 bzip60-1,Seedlings,BRIC-PDFU,ISS-US Laboratory,"1/2 Murashige and Skoog media supplemented with Gamborgs B5 Vitamins (PhytoTechnology Laboratories), 0.5% sucrose (Sigma-Aldrich), 0.4% Phytagel (Sigma-Aldrich), pH adjusted to 5.7",Dark Treatment,-80 degree Celsius,14 day,RNALater,bzip28-2 bzip60-1_Space flight_whole seedlings,
GLDS-321,GSM4486051,68_FD3_S16_L002_R1_001 (bzip28 bzip60F_5),Not Available,Space Flight,Col-0,bzip28-2 bzip60-1,Seedlings,BRIC-PDFU,ISS-US Laboratory,"1/2 Murashige and Skoog media supplemented with Gamborgs B5 Vitamins (PhytoTechnology Laboratories), 0.5% sucrose (Sigma-Aldrich), 0.4% Phytagel (Sigma-Aldrich), pH adjusted to 5.7",Dark Treatment,-80 degree Celsius,14 day,RNALater,bzip28-2 bzip60-1_Space flight_whole seedlings,
GLDS-321,GSM4486052,68_GA3_S13_L002_R1_001 (bzip28 bzip60G_1),Not Available,Ground Control,Col-0,bzip28-2 bzip60-1,Seedlings,BRIC-PDFU,ISS Environmental Simulator,"1/2 Murashige and Skoog media supplemented with Gamborgs B5 Vitamins (PhytoTechnology Laboratories), 0.5% sucrose (Sigma-Aldrich), 0.4% Phytagel (Sigma-Aldrich), pH adjusted to 5.7",Dark Treatment,-80 degree Celsius,14 day,RNALater,bzip28-2 bzip60-1_Ground_whole seedlings,
GLDS-321,GSM4486053,68_GA4_S15_L002_R1_001 (bzip28 bzip60G_2),Not Available,Ground Control,Col-0,bzip28-2 bzip60-1,Seedlings,BRIC-PDFU,ISS Environmental Simulator,"1/2 Murashige and Skoog media supplemented with Gamborgs B5 Vitamins (PhytoTechnology Laboratories), 0.5% sucrose (Sigma-Aldrich), 0.4% Phytagel (Sigma-Aldrich), pH adjusted to 5.7",Dark Treatment,-80 degree Celsius,14 day,RNALater,bzip28-2 bzip60-1_Ground_whole seedlings,
GLDS-321,GSM4486054,68_GB4_S32_L003_R1_001 (bzip28 bzip60G_3),Not Available,Ground Control,Col-0,bzip28-2 bzip60-1,Seedlings,BRIC-PDFU,ISS Environmental Simulator,"1/2 Murashige and Skoog media supplemented with Gamborgs B5 Vitamins (PhytoTechnology Laboratories), 0.5% sucrose (Sigma-Aldrich), 0.4% Phytagel (Sigma-Aldrich), pH adjusted to 5.7",Dark Treatment,-80 degree Celsius,14 day,RNALater,bzip28-2 bzip60-1_Ground_whole seedlings,
GLDS-321,GSM4486055,68_GC2_S26_L003_R1_001 (bzip28 bzip60G_5),Not Available,Ground Control,Col-0,bzip28-2 bzip60-1,Seedlings,BRIC-PDFU,ISS Environmental Simulator,"1/2 Murashige and Skoog media supplemented with Gamborgs B5 Vitamins (PhytoTechnology Laboratories), 0.5% sucrose (Sigma-Aldrich), 0.4% Phytagel (Sigma-Aldrich), pH adjusted to 5.7",Dark Treatment,-80 degree Celsius,14 day,RNALater,bzip28-2 bzip60-1_Ground_whole seedlings,
GLDS-321,GSM4486056,68_GD3_S24_L003_R1_001 (bzip28 bzip60G_4),Not Available,Ground Control,Col-0,bzip28-2 bzip60-1,Seedlings,BRIC-PDFU,ISS Environmental Simulator,"1/2 Murashige and Skoog media supplemented with Gamborgs B5 Vitamins (PhytoTechnology Laboratories), 0.5% sucrose (Sigma-Aldrich), 0.4% Phytagel (Sigma-Aldrich), pH adjusted to 5.7",Dark Treatment,-80 degree Celsius,14 day,RNALater,bzip28-2 bzip60-1_Ground_whole seedlings,
GLDS-321,GSM4486057,IRE1_FA6_S38_L004_R1_001 (ire1a ire1bF_1),Not Available,Space Flight,Col-0,ire1a-4 ire1b-2,Seedlings,BRIC-PDFU,ISS Environmental Simulator,"1/2 Murashige and Skoog media supplemented with Gamborgs B5 Vitamins (PhytoTechnology Laboratories), 0.5% sucrose (Sigma-Aldrich), 0.4% Phytagel (Sigma-Aldrich), pH adjusted to 5.7",Dark Treatment,-80 degree Celsius,14 day,RNALater,ire1a-4 ire1b-2_Space flight_whole seedlings,
GLDS-321,GSM4486058,IRE1_FB5_S6_L001_R1_001 (ire1a ire1bF_2),Not Available,Space Flight,Col-0,ire1a-4 ire1b-2,Seedlings,BRIC-PDFU,ISS Environmental Simulator,"1/2 Murashige and Skoog media supplemented with Gamborgs B5 Vitamins (PhytoTechnology Laboratories), 0.5% sucrose (Sigma-Aldrich), 0.4% Phytagel (Sigma-Aldrich), pH adjusted to 5.7",Dark Treatment,-80 degree Celsius,14 day,RNALater,ire1a-4 ire1b-2_Space flight_whole seedlings,
GLDS-321,GSM4486059,IRE1_FC4_S40_L004_R1_001 (ire1a ire1bF_3),Not Available,Space Flight,Col-0,ire1a-4 ire1b-2,Seedlings,BRIC-PDFU,ISS Environmental Simulator,"1/2 Murashige and Skoog media supplemented with Gamborgs B5 Vitamins (PhytoTechnology Laboratories), 0.5% sucrose (Sigma-Aldrich), 0.4% Phytagel (Sigma-Aldrich), pH adjusted to 5.7",Dark Treatment,-80 degree Celsius,14 day,RNALater,ire1a-4 ire1b-2_Space flight_whole seedlings,
GLDS-321,GSM4486060,IRE1_FD1_S12_L002_R1_001 (ire1a ire1bF_4),Not Available,Space Flight,Col-0,ire1a-4 ire1b-2,Seedlings,BRIC-PDFU,ISS Environmental Simulator,"1/2 Murashige and Skoog media supplemented with Gamborgs B5 Vitamins (PhytoTechnology Laboratories), 0.5% sucrose (Sigma-Aldrich), 0.4% Phytagel (Sigma-Aldrich), pH adjusted to 5.7",Dark Treatment,-80 degree Celsius,14 day,RNALater,ire1a-4 ire1b-2_Space flight_whole seedlings,
GLDS-321,GSM4486061,IRE1_GA6_S44_L004_R1_001 (ire1a ire1bG_1),Not Available,Ground Control,Col-0,ire1a-4 ire1b-2,Seedlings,BRIC-PDFU,ISS Environmental Simulator,"1/2 Murashige and Skoog media supplemented with Gamborgs B5 Vitamins (PhytoTechnology Laboratories), 0.5% sucrose (Sigma-Aldrich), 0.4% Phytagel (Sigma-Aldrich), pH adjusted to 5.7",Dark Treatment,-80 degree Celsius,14 day,RNALater,ire1a-4 ire1b-2_Ground_whole seedlings,
GLDS-321,GSM4486062,IRE1_GB5_S23_L003_R1_001 (ire1a ire1bG_2),Not Available,Ground Control,Col-0,ire1a-4 ire1b-2,Seedlings,BRIC-PDFU,ISS Environmental Simulator,"1/2 Murashige and Skoog media supplemented with Gamborgs B5 Vitamins (PhytoTechnology Laboratories), 0.5% sucrose (Sigma-Aldrich), 0.4% Phytagel (Sigma-Aldrich), pH adjusted to 5.7",Dark Treatment,-80 degree Celsius,14 day,RNALater,ire1a-4 ire1b-2_Ground_whole seedlings,
GLDS-321,GSM4486063,IRE1_GC4_S37_L004_R1_001 (ire1a ire1bG_3),Not Available,Ground Control,Col-0,ire1a-4 ire1b-2,Seedlings,BRIC-PDFU,ISS Environmental Simulator,"1/2 Murashige and Skoog media supplemented with Gamborgs B5 Vitamins (PhytoTechnology Laboratories), 0.5% sucrose (Sigma-Aldrich), 0.4% Phytagel (Sigma-Aldrich), pH adjusted to 5.7",Dark Treatment,-80 degree Celsius,14 day,RNALater,ire1a-4 ire1b-2_Ground_whole seedlings,
GLDS-321,GSM4486064,IRE1_GD1_S31_L003_R1_001 (ire1a ire1bG_4),Not Available,Ground Control,Col-0,ire1a-4 ire1b-2,Seedlings,BRIC-PDFU,ISS Environmental Simulator,"1/2 Murashige and Skoog media supplemented with Gamborgs B5 Vitamins (PhytoTechnology Laboratories), 0.5% sucrose (Sigma-Aldrich), 0.4% Phytagel (Sigma-Aldrich), pH adjusted to 5.7",Dark Treatment,-80 degree Celsius,14 day,RNALater,ire1a-4 ire1b-2_Ground_whole seedlings,
GLDS-321,GSM4486065,WT_FA1_S1_L001_R1_001 (WTF_1),Not Available,Space Flight,Col-0,Wild Type,Seedlings,BRIC-PDFU,ISS-US Laboratory,"1/2 Murashige and Skoog media supplemented with Gamborgs B5 Vitamins (PhytoTechnology Laboratories), 0.5% sucrose (Sigma-Aldrich), 0.4% Phytagel (Sigma-Aldrich), pH adjusted to 5.7",Dark Treatment,-80 degree Celsius,14 day,RNALater,WT_Space flight_whole seedlings,
GLDS-321,GSM4486066,WT_FB2_S11_L001_R1_001 (WTF_2),Not Available,Space Flight,Col-0,Wild Type,Seedlings,BRIC-PDFU,ISS-US Laboratory,"1/2 Murashige and Skoog media supplemented with Gamborgs B5 Vitamins (PhytoTechnology Laboratories), 0.5% sucrose (Sigma-Aldrich), 0.4% Phytagel (Sigma-Aldrich), pH adjusted to 5.7",Dark Treatment,-80 degree Celsius,14 day,RNALater,WT_Space flight_whole seedlings,
GLDS-321,GSM4486067,WT_FC3_S9_L001_R1_001 (WTF_3),Not Available,Space Flight,Col-0,Wild Type,Seedlings,BRIC-PDFU,ISS-US Laboratory,"1/2 Murashige and Skoog media supplemented with Gamborgs B5 Vitamins (PhytoTechnology Laboratories), 0.5% sucrose (Sigma-Aldrich), 0.4% Phytagel (Sigma-Aldrich), pH adjusted to 5.7",Dark Treatment,-80 degree Celsius,14 day,RNALater,WT_Space flight_whole seedlings,
GLDS-321,GSM4486068,WT_FD4_S41_L004_R1_001 (WTF_4),Not Available,Space Flight,Col-0,Wild Type,Seedlings,BRIC-PDFU,ISS-US Laboratory,"1/2 Murashige and Skoog media supplemented with Gamborgs B5 Vitamins (PhytoTechnology Laboratories), 0.5% sucrose (Sigma-Aldrich), 0.4% Phytagel (Sigma-Aldrich), pH adjusted to 5.7",Dark Treatment,-80 degree Celsius,14 day,RNALater,WT_Space flight_whole seedlings,
GLDS-321,GSM4486069,WT_FD6_S42_L004_R1_001 (WTF_5),Not Available,Space Flight,Col-0,Wild Type,Seedlings,BRIC-PDFU,ISS-US Laboratory,"1/2 Murashige and Skoog media supplemented with Gamborgs B5 Vitamins (PhytoTechnology Laboratories), 0.5% sucrose (Sigma-Aldrich), 0.4% Phytagel (Sigma-Aldrich), pH adjusted to 5.7",Dark Treatment,-80 degree Celsius,14 day,RNALater,WT_Space flight_whole seedlings,
GLDS-321,GSM4486070,WT_GA1_S19_L002_R1_001 (WTG_1),Not Available,Ground Control,Col-0,Wild Type,Seedlings,BRIC-PDFU,ISS Environmental Simulator,"1/2 Murashige and Skoog media supplemented with Gamborgs B5 Vitamins (PhytoTechnology Laboratories), 0.5% sucrose (Sigma-Aldrich), 0.4% Phytagel (Sigma-Aldrich), pH adjusted to 5.7",Dark Treatment,-80 degree Celsius,14 day,RNALater,WT_Ground_whole seedlings,
GLDS-321,GSM4486071,WT_GB2_S18_L002_R1_001 (WTG_2),Not Available,Ground Control,Col-0,Wild Type,Seedlings,BRIC-PDFU,ISS Environmental Simulator,"1/2 Murashige and Skoog media supplemented with Gamborgs B5 Vitamins (PhytoTechnology Laboratories), 0.5% sucrose (Sigma-Aldrich), 0.4% Phytagel (Sigma-Aldrich), pH adjusted to 5.7",Dark Treatment,-80 degree Celsius,14 day,RNALater,WT_Ground_whole seedlings,
GLDS-321,GSM4486072,WT_GC3_S28_L003_R1_001 (WTG_5),Not Available,Ground Control,Col-0,Wild Type,Seedlings,BRIC-PDFU,ISS Environmental Simulator,"1/2 Murashige and Skoog media supplemented with Gamborgs B5 Vitamins (PhytoTechnology Laboratories), 0.5% sucrose (Sigma-Aldrich), 0.4% Phytagel (Sigma-Aldrich), pH adjusted to 5.7",Dark Treatment,-80 degree Celsius,14 day,RNALater,WT_Ground_whole seedlings,
GLDS-321,GSM4486073,WT_GD4_S39_L004_R1_001 (WTG_3),Not Available,Ground Control,Col-0,Wild Type,Seedlings,BRIC-PDFU,ISS Environmental Simulator,"1/2 Murashige and Skoog media supplemented with Gamborgs B5 Vitamins (PhytoTechnology Laboratories), 0.5% sucrose (Sigma-Aldrich), 0.4% Phytagel (Sigma-Aldrich), pH adjusted to 5.7",Dark Treatment,-80 degree Celsius,14 day,RNALater,WT_Ground_whole seedlings,
GLDS-321,GSM4486074,WT_GD6_S29_L003_R1_001 (WTG_4),Not Available,Ground Control,Col-0,Wild Type,Seedlings,BRIC-PDFU,ISS Environmental Simulator,"1/2 Murashige and Skoog media supplemented with Gamborgs B5 Vitamins (PhytoTechnology Laboratories), 0.5% sucrose (Sigma-Aldrich), 0.4% Phytagel (Sigma-Aldrich), pH adjusted to 5.7",Dark Treatment,-80 degree Celsius,14 day,RNALater,WT_Ground_whole seedlings,
